user_id,product_id,satisfaction_score,would_recommend,had_reaction,usage_days
885,151,2.3,0,0,9
226,66,3.6,0,0,46
1917,256,7.2,1,1,13
735,57,5.3,0,0,11
1486,338,8.1,1,0,63
737,148,3.6,0,1,36
1308,181,5.2,0,0,40
1639,201,2.4,0,0,82
822,29,6.4,0,0,67
224,463,6.5,0,0,14
1350,221,7.9,1,0,29
961,481,4.0,0,0,67
538,15,7.5,1,0,30
1511,16,2.3,0,1,83
1322,160,6.5,0,0,19
715,79,1.4,0,0,47
249,121,6.9,0,0,36
1007,121,6.5,0,0,66
973,24,2.7,0,0,25
540,391,7.5,1,1,69
421,272,3.6,0,0,12
420,441,6.8,0,0,47
80,183,2.9,0,0,31
431,278,6.6,0,0,50
358,276,6.5,0,0,57
439,462,4.0,0,0,75
1455,21,2.9,0,1,7
1488,365,4.1,0,0,29
1810,241,6.0,0,0,83
52,500,5.8,0,1,19
96,273,4.8,0,0,82
1698,61,4.5,0,0,68
837,63,7.0,1,0,79
1081,320,1.0,0,1,58
1599,248,1.3,0,1,51
620,46,2.4,0,1,47
814,129,3.2,0,0,39
1082,384,3.0,0,0,52
1364,66,4.3,0,0,38
1060,19,5.7,0,0,63
1291,282,6.6,0,0,62
1554,369,4.6,0,1,30
974,115,3.4,0,0,81
639,423,3.3,0,1,71
1104,176,2.1,0,0,78
189,277,5.0,0,0,69
1940,442,7.7,1,0,88
1215,158,3.9,0,1,50
1347,442,3.7,0,0,81
756,183,2.6,0,0,65
1702,115,2.1,0,1,19
1318,442,6.1,0,0,23
379,114,3.9,0,0,43
1878,98,3.8,0,0,66
1593,107,6.1,0,0,86
841,77,3.8,0,0,55
377,341,6.8,0,0,88
21,179,4.1,0,0,80
225,265,7.4,1,0,81
1687,425,7.6,1,0,39
617,42,4.0,0,0,17
152,189,7.4,1,0,89
1997,97,7.0,0,0,63
1099,254,7.5,1,0,75
952,86,3.4,0,0,7
1150,447,7.4,1,0,43
342,48,4.0,0,0,71
1818,138,3.4,0,1,76
811,70,4.4,0,0,11
1877,351,6.7,0,0,89
1701,245,5.5,0,0,59
114,234,7.0,1,0,50
18,235,3.0,0,0,33
1587,418,5.0,0,0,78
1365,110,7.8,1,0,48
702,106,4.7,0,0,15
1406,351,6.1,0,0,78
306,148,3.5,0,0,76
938,33,6.3,0,1,58
1891,472,3.9,0,0,15
357,61,6.7,0,0,41
303,46,1.7,0,0,16
107,75,1.1,0,1,82
977,96,5.8,0,0,11
1192,402,7.6,1,0,26
1723,21,6.3,0,0,57
665,324,3.8,0,0,15
1309,421,6.3,0,0,44
728,127,4.6,0,0,77
1731,500,7.3,1,0,44
117,238,4.4,0,0,11
940,489,3.5,0,1,20
1850,172,3.5,0,0,51
528,320,6.9,0,0,31
265,183,3.7,0,0,62
218,330,4.3,0,0,87
1587,288,1.5,0,0,30
155,463,4.0,0,0,45
322,179,6.8,0,0,25
141,206,6.7,0,0,28
916,353,7.6,1,0,38
30,347,7.4,1,0,10
873,323,6.8,0,0,47
1311,433,2.7,0,1,47
244,221,6.8,0,0,78
25,422,4.7,0,0,9
898,261,6.5,0,0,42
1198,221,8.0,1,0,43
1334,149,7.0,0,0,42
1229,488,4.6,0,0,89
1879,31,3.3,0,0,35
1987,335,6.8,0,0,22
1837,34,4.1,0,0,84
1144,170,3.9,0,0,81
1782,340,7.0,0,1,56
1677,111,4.2,0,0,30
1912,65,7.4,1,0,11
1185,232,4.7,0,1,42
1101,209,3.8,0,0,31
546,140,4.0,0,1,43
875,129,4.5,0,0,54
1756,196,3.9,0,0,46
134,464,3.4,0,0,17
618,99,5.7,0,0,14
599,84,3.4,0,0,54
231,141,3.2,0,1,66
49,451,6.3,0,0,57
175,225,7.1,1,0,19
810,381,6.7,0,0,60
1224,372,4.0,0,1,70
1715,386,3.8,0,0,86
1748,259,3.5,0,0,42
1600,416,6.7,0,0,59
1987,347,7.2,1,1,73
721,366,6.7,0,0,89
1004,133,2.5,0,0,55
1088,112,3.7,0,0,30
424,363,4.4,0,1,56
1741,486,4.2,0,1,22
1790,343,4.1,0,0,33
1983,111,4.5,0,1,21
443,48,4.5,0,0,82
247,316,2.8,0,0,81
1206,443,6.7,0,0,45
632,399,7.0,1,0,28
1355,292,6.3,0,0,61
1962,160,3.8,0,0,51
343,416,4.5,0,0,69
1463,43,6.2,0,0,35
1576,360,2.4,0,0,16
1485,173,3.1,0,0,69
261,281,5.0,0,0,28
93,447,4.1,0,1,69
236,32,7.0,1,0,80
1960,145,4.7,0,1,88
1777,56,7.4,1,0,75
1726,192,2.9,0,0,20
1061,27,7.8,1,0,76
154,438,4.6,0,0,65
1779,329,3.5,0,0,16
644,62,5.3,0,0,78
528,38,6.6,0,0,71
1918,83,4.3,0,0,76
583,255,6.5,0,1,55
533,392,3.6,0,0,26
754,16,6.9,0,0,51
1673,179,7.3,1,0,73
1792,464,5.6,0,1,59
132,151,4.4,0,0,35
766,157,4.1,0,0,57
1202,284,3.8,0,0,61
1782,137,6.1,0,0,74
201,366,3.7,0,0,79
959,119,3.8,0,0,74
842,355,4.2,0,0,60
1103,271,7.5,1,0,53
630,382,4.4,0,0,89
1098,277,6.2,0,0,61
536,23,6.6,0,0,17
271,201,5.1,0,0,42
1628,23,3.3,0,0,27
561,190,4.7,0,0,50
1004,300,6.8,0,0,79
1409,125,3.3,0,0,22
857,274,4.1,0,0,23
718,30,8.0,1,0,54
555,93,6.0,0,1,40
1997,330,7.5,1,0,19
730,254,7.4,1,0,60
514,118,6.5,0,1,39
257,128,7.2,1,0,50
724,175,6.7,0,0,36
85,322,6.5,0,0,12
614,137,6.6,0,1,44
1476,486,1.0,0,0,48
324,409,5.8,0,0,18
320,335,4.4,0,0,16
652,406,6.7,0,0,27
1699,71,7.5,1,0,21
1773,280,1.1,0,0,30
1880,104,3.9,0,0,46
1547,218,7.5,1,0,49
850,282,4.4,0,0,7
711,256,2.9,0,0,62
106,435,6.9,0,0,89
722,495,6.9,0,0,86
1704,264,6.7,0,0,63
76,369,7.3,1,0,69
1404,134,6.6,0,0,80
879,456,1.7,0,1,10
442,37,6.5,0,0,56
608,398,6.9,0,0,16
1213,209,3.9,0,0,11
202,416,7.1,1,0,19
1365,240,7.1,1,0,54
1331,431,4.1,0,0,82
1070,227,3.8,0,0,28
1004,130,4.1,0,1,19
313,418,7.2,1,0,51
1154,79,3.1,0,0,63
1424,363,7.6,1,0,43
127,491,4.4,0,0,15
745,369,3.8,0,0,65
99,182,3.7,0,0,66
1117,117,1.2,0,0,29
1256,251,4.7,0,0,71
1659,425,4.1,0,0,75
885,479,6.1,0,0,71
1590,440,1.0,0,0,22
1707,415,3.8,0,1,86
796,190,3.9,0,0,51
466,365,4.5,0,0,36
1840,480,2.0,0,0,79
731,7,4.8,0,0,39
1621,366,7.7,1,0,43
509,395,4.3,0,0,70
76,131,6.6,0,0,8
1270,140,1.1,0,0,86
1502,185,5.4,0,0,30
1234,347,4.1,0,0,8
783,459,3.2,0,0,30
1491,316,7.1,1,0,54
151,396,6.8,0,0,29
287,493,7.9,1,0,78
492,9,4.7,0,0,34
1114,498,4.5,0,0,21
1416,432,6.9,0,0,43
900,55,5.5,0,1,85
697,478,5.7,0,0,61
1564,477,7.1,1,0,67
1099,242,6.7,0,0,17
834,269,6.3,0,0,55
1807,312,4.0,0,1,59
246,317,7.2,1,0,48
285,468,1.0,0,0,59
436,294,7.6,1,0,8
877,182,5.6,0,1,52
456,92,4.3,0,0,61
1522,328,7.4,1,1,53
879,251,7.4,1,1,70
1874,320,6.0,0,0,59
1990,85,3.8,0,0,53
1441,81,7.8,1,0,78
674,37,6.8,0,0,55
896,10,4.7,0,0,8
211,202,6.6,0,0,59
147,499,7.5,1,0,23
458,120,3.5,0,0,61
562,331,2.8,0,0,14
984,14,1.7,0,0,62
1781,54,6.1,0,0,89
1045,208,3.5,0,0,30
1727,463,7.9,1,0,24
1298,422,6.7,0,0,55
1458,399,7.1,1,0,82
1356,362,7.5,1,0,66
1061,348,5.9,0,0,9
1349,184,3.8,0,0,59
1577,338,1.0,0,0,29
1501,458,1.0,0,1,81
1949,318,3.6,0,0,47
106,74,6.8,0,0,57
1739,11,6.8,0,0,67
1839,14,6.8,0,1,38
464,486,3.8,0,0,69
1679,353,5.6,0,0,16
327,353,5.1,0,1,84
1027,243,3.4,0,0,52
116,183,5.8,0,0,87
1253,72,7.7,1,0,74
911,243,1.0,0,0,49
1314,444,3.5,0,0,74
1675,397,4.1,0,0,44
259,113,7.0,0,0,41
1188,166,7.6,1,0,15
164,113,4.7,0,0,43
106,187,3.4,0,0,65
1820,199,4.1,0,0,15
961,420,7.5,1,0,31
491,435,1.4,0,0,51
502,154,6.7,0,0,18
1163,155,4.0,0,0,86
732,348,7.0,0,1,48
1147,413,3.6,0,0,63
1539,6,4.0,0,0,85
1094,289,3.3,0,1,63
1079,107,2.3,0,1,11
887,25,7.2,1,0,25
35,363,1.0,0,1,77
1570,56,4.0,0,0,32
1525,241,7.6,1,0,27
316,246,6.8,0,0,12
451,266,6.7,0,0,46
1943,168,4.8,0,0,56
1034,103,5.2,0,0,40
962,280,6.2,0,0,48
13,157,5.9,0,1,19
1275,370,7.7,1,0,20
1616,376,1.1,0,1,10
1159,461,7.4,1,0,87
1391,59,6.6,0,0,59
1162,455,5.4,0,1,13
1033,232,3.5,0,0,46
882,62,7.0,1,1,16
1770,87,4.5,0,0,62
1134,49,6.2,0,0,79
884,202,6.7,0,0,45
626,333,4.7,0,0,31
882,208,6.9,0,0,89
867,59,6.8,0,1,47
322,435,7.5,1,0,68
746,15,4.3,0,0,9
1304,425,6.7,0,0,82
247,264,1.0,0,1,24
1388,251,7.0,1,0,52
578,336,4.5,0,0,71
1932,147,4.9,0,0,19
743,28,4.8,0,0,11
1636,188,7.4,1,1,74
1408,480,4.7,0,0,74
333,20,7.4,1,0,85
375,36,2.2,0,1,66
305,254,6.8,0,1,81
1026,217,4.8,0,0,75
1448,324,2.2,0,0,69
18,107,3.2,0,1,88
1028,115,7.0,0,0,36
794,177,6.5,0,0,56
1679,52,4.1,0,0,26
1635,215,3.9,0,0,69
1142,434,2.7,0,0,54
404,163,7.4,1,0,73
1596,98,3.8,0,0,60
896,218,6.4,0,0,25
492,336,3.7,0,0,36
919,202,3.6,0,1,49
1003,486,3.1,0,0,66
549,317,7.4,1,0,59
12,122,7.5,1,0,30
742,337,7.2,1,0,63
1352,246,7.2,1,0,77
993,303,1.7,0,0,50
544,250,3.7,0,0,44
4,463,6.9,0,0,42
1338,169,6.5,0,0,31
436,315,6.5,0,1,73
900,349,6.9,0,1,7
1043,357,3.0,0,0,87
1639,369,1.0,0,1,41
780,137,6.0,0,1,73
1132,300,3.4,0,0,17
685,416,7.1,1,0,89
1828,374,4.5,0,0,39
1224,119,4.1,0,1,54
1988,185,2.5,0,0,83
272,246,6.5,0,0,25
928,67,4.6,0,0,59
247,337,7.0,1,0,37
548,343,5.5,0,1,22
1766,91,4.2,0,0,53
421,131,7.3,1,1,44
1452,437,7.5,1,0,10
328,300,6.4,0,0,17
933,316,3.7,0,0,24
861,207,2.9,0,0,39
978,383,7.0,0,0,38
1642,22,8.4,1,0,64
931,237,1.3,0,1,67
754,63,7.1,1,0,51
911,273,2.5,0,1,52
523,448,6.7,0,0,11
1588,150,4.3,0,0,65
485,153,3.6,0,0,74
1245,47,6.8,0,0,13
696,116,7.6,1,0,9
1151,445,2.2,0,1,59
708,433,4.0,0,0,13
1891,31,7.7,1,0,67
1029,286,4.1,0,0,33
127,135,5.9,0,0,14
8,101,8.4,1,0,57
450,240,4.1,0,0,61
1818,358,6.6,0,0,32
782,82,3.6,0,0,38
1086,371,3.7,0,0,37
1317,173,3.5,0,0,65
28,122,5.3,0,0,75
1836,113,1.1,0,1,53
19,340,2.7,0,1,69
1517,400,7.5,1,0,41
1636,187,5.0,0,0,59
302,308,2.2,0,0,11
195,330,7.6,1,0,64
1641,469,5.8,0,0,41
654,399,8.2,1,1,52
1727,140,7.3,1,0,25
1100,109,3.8,0,0,15
1301,255,6.9,0,0,43
29,467,7.0,1,0,41
1092,131,8.3,1,1,18
1312,175,2.6,0,1,44
285,311,7.5,1,0,25
1531,35,6.5,0,0,66
31,259,3.1,0,0,58
1095,307,3.6,0,0,12
231,482,4.3,0,0,85
559,352,4.4,0,0,17
956,231,7.7,1,0,10
1561,200,3.6,0,0,50
1480,443,5.9,0,0,68
23,234,6.5,0,0,66
1507,189,5.1,0,0,67
351,69,6.6,0,0,9
944,266,6.8,0,0,48
483,473,6.5,0,0,10
1212,346,3.7,0,1,53
1101,343,6.3,0,0,84
483,216,3.9,0,0,33
1265,296,5.5,0,0,62
1590,341,5.4,0,0,71
1132,198,7.4,1,0,51
105,40,6.5,0,0,56
642,181,3.0,0,1,65
1887,26,7.5,1,0,27
1969,80,2.8,0,0,44
1197,150,3.1,0,0,86
225,359,3.8,0,0,73
968,494,6.9,0,0,15
1605,28,4.6,0,1,88
998,497,2.1,0,0,53
298,279,4.4,0,0,17
1855,22,7.4,1,0,42
1850,20,3.5,0,1,72
1407,369,4.3,0,0,21
1353,283,4.0,0,0,32
1060,405,5.1,0,0,17
776,57,6.7,0,0,17
1926,352,4.0,0,0,70
357,93,7.0,0,0,11
1635,281,7.6,1,0,79
1402,71,4.2,0,0,8
1084,301,6.8,0,0,64
1143,263,2.0,0,0,7
908,203,5.1,0,0,10
546,87,3.4,0,0,82
920,33,7.6,1,0,36
1862,49,7.5,1,0,30
1907,92,3.9,0,0,34
789,8,2.4,0,0,9
364,378,6.4,0,1,73
1540,262,5.5,0,0,9
1571,114,4.3,0,0,39
377,399,6.8,0,0,35
1251,340,3.2,0,0,65
113,373,6.8,0,0,14
1177,113,4.5,0,0,13
1397,461,3.2,0,0,26
209,267,6.7,0,0,48
736,346,4.7,0,0,73
1119,490,6.8,0,0,31
1256,332,3.7,0,0,58
343,81,4.1,0,0,71
892,488,1.1,0,0,60
757,195,1.0,0,1,86
388,415,4.8,0,0,31
293,242,3.9,0,0,79
892,327,7.8,1,0,71
1190,90,4.7,0,0,18
1462,51,7.7,1,0,58
1203,278,7.4,1,0,89
1096,374,4.3,0,0,35
1747,262,4.0,0,0,49
1528,197,7.2,1,0,43
1490,154,6.5,0,0,28
1134,151,3.9,0,0,17
820,239,3.6,0,0,70
1151,430,2.9,0,0,57
869,11,4.1,0,0,59
1789,345,7.1,1,0,76
1173,117,3.5,0,0,7
721,227,3.6,0,0,16
1119,121,7.1,1,0,75
297,174,4.0,0,0,33
705,497,3.8,0,0,73
1073,96,6.6,0,0,20
1598,43,5.3,0,0,33
836,383,4.0,0,0,31
1216,119,4.6,0,0,14
231,351,7.4,1,0,55
1030,329,7.2,1,0,38
911,338,4.0,0,0,65
924,408,4.3,0,0,37
1611,306,4.1,0,0,30
1763,28,7.2,1,0,37
1679,367,5.5,0,0,11
944,269,4.4,0,0,85
1015,475,5.6,0,1,68
662,324,3.0,0,0,69
786,73,3.8,0,0,69
1477,493,3.7,0,1,57
780,223,3.7,0,0,57
1492,496,6.5,0,1,65
1976,406,7.8,1,0,37
952,163,4.1,0,1,40
332,400,7.7,1,0,7
1762,299,7.6,1,0,69
1057,95,4.0,0,1,29
609,39,4.4,0,0,35
414,162,5.3,0,0,38
920,395,7.0,0,0,38
1619,155,3.7,0,0,46
1524,91,3.9,0,0,48
761,295,7.3,1,0,70
206,415,3.0,0,0,84
623,142,7.5,1,0,86
79,415,6.5,0,0,36
791,38,4.8,0,0,39
1540,402,1.1,0,1,34
364,377,5.6,0,0,26
589,220,6.8,0,0,16
1651,94,4.0,0,0,15
1835,260,4.4,0,0,47
1984,311,6.8,0,0,72
1580,500,4.1,0,0,10
495,355,4.8,0,0,58
628,453,3.0,0,0,44
1925,341,7.3,1,0,52
1072,187,7.4,1,0,10
1995,19,2.1,0,0,11
48,409,6.5,0,0,80
728,446,3.0,0,0,33
938,329,3.7,0,0,9
894,397,3.4,0,0,74
1366,453,3.7,0,0,87
1225,137,5.6,0,0,83
1821,36,2.7,0,0,24
18,118,5.4,0,0,79
123,445,4.6,0,0,88
991,273,4.3,0,0,37
755,157,4.2,0,0,7
2000,358,4.4,0,0,32
1031,79,3.7,0,0,9
1424,207,4.4,0,0,9
1353,454,6.6,0,0,86
75,242,8.4,1,0,61
111,256,4.2,0,0,46
1146,450,6.3,0,0,56
1147,337,4.3,0,0,50
1457,7,4.6,0,1,44
1067,183,2.4,0,0,39
1259,464,7.2,1,0,20
168,378,3.7,0,0,88
1428,316,6.8,0,0,55
1476,4,6.4,0,0,22
1455,26,5.7,0,0,85
518,24,7.1,1,0,21
437,341,6.2,0,0,52
1687,88,5.0,0,0,16
1334,70,5.1,0,0,21
627,337,5.0,0,0,12
1615,381,7.2,1,0,70
460,214,4.3,0,0,43
1614,216,4.2,0,0,55
1737,67,3.4,0,0,82
861,195,3.4,0,0,17
484,154,5.1,0,0,88
525,164,1.1,0,0,57
1100,22,6.8,0,0,62
168,412,4.1,0,0,29
1591,416,7.2,1,0,14
1283,350,5.6,0,0,30
934,28,4.2,0,0,57
1799,279,7.7,1,0,30
1543,368,3.6,0,0,85
1457,3,7.0,0,0,15
140,477,3.4,0,0,84
43,338,4.2,0,1,20
372,232,7.0,1,0,56
984,335,5.5,0,0,76
853,264,3.1,0,1,80
1052,463,7.6,1,1,69
1125,246,3.5,0,0,16
206,80,3.9,0,0,58
374,274,6.9,0,0,29
140,58,3.8,0,1,35
1999,47,1.9,0,0,47
1299,140,6.5,0,0,58
778,342,4.5,0,0,17
1631,72,6.1,0,0,52
1967,500,6.6,0,0,54
1232,453,3.4,0,0,69
541,314,3.3,0,0,37
1110,110,6.7,0,0,50
393,443,6.5,0,0,33
978,478,2.5,0,1,13
1618,272,3.1,0,0,38
1510,89,3.3,0,0,76
1619,357,4.0,0,0,75
858,419,6.9,0,0,83
718,158,1.0,0,0,54
1209,491,1.2,0,0,44
447,119,1.0,0,0,54
1784,154,5.3,0,0,32
1442,90,6.6,0,0,46
1533,459,4.2,0,0,83
1142,217,2.5,0,0,43
892,172,1.0,0,1,30
1494,232,7.7,1,0,69
1562,266,3.7,0,0,77
1319,122,5.6,0,0,22
1352,368,3.8,0,0,85
1881,327,7.3,1,0,78
149,16,6.7,0,0,67
288,396,7.1,1,0,72
1416,443,7.6,1,0,44
1767,3,7.3,1,1,28
1640,289,5.2,0,0,62
1795,70,6.5,0,0,83
759,118,6.2,0,0,7
1904,102,4.2,0,0,72
623,293,7.0,0,0,43
291,422,2.4,0,1,48
1118,260,5.3,0,1,21
1164,466,6.3,0,0,88
1401,498,4.0,0,0,75
1984,132,3.5,0,0,16
1164,453,3.9,0,1,43
325,148,4.7,0,0,76
733,74,6.4,0,1,64
1925,161,3.8,0,0,38
121,215,3.9,0,0,45
389,333,7.1,1,0,28
753,471,4.3,0,0,25
1989,344,5.0,0,0,72
827,433,7.5,1,0,24
1981,382,7.5,1,0,60
1905,95,3.5,0,0,68
129,319,7.3,1,0,26
1835,240,4.3,0,0,75
586,472,6.7,0,0,45
1214,432,7.4,1,0,49
522,89,4.2,0,1,45
1421,459,3.4,0,0,66
736,59,6.3,0,0,21
464,43,7.1,1,0,76
687,112,7.5,1,0,69
647,251,3.2,0,0,75
1795,422,5.8,0,0,14
525,468,1.0,0,0,46
1615,378,4.2,0,0,39
511,201,4.2,0,0,43
710,325,3.0,0,1,86
1098,31,4.5,0,0,32
1944,184,2.3,0,0,85
24,415,4.6,0,0,40
1913,39,1.0,0,1,29
592,238,3.9,0,0,46
1365,94,3.8,0,0,15
1548,154,5.6,0,0,53
389,54,7.0,0,0,39
983,74,7.6,1,0,87
384,300,6.7,0,1,42
1804,440,3.2,0,0,89
973,16,5.8,0,0,76
1322,185,4.3,0,0,50
852,202,7.4,1,0,45
1129,89,5.5,0,0,24
1707,33,6.2,0,0,62
915,87,8.2,1,1,60
295,260,6.9,0,0,54
316,234,6.1,0,0,45
1200,281,7.2,1,0,27
768,281,3.9,0,0,32
30,218,7.6,1,0,40
729,228,7.1,1,1,50
475,95,3.4,0,0,43
775,124,6.5,0,0,74
1072,301,6.0,0,0,39
1142,132,4.8,0,0,54
292,433,2.9,0,1,50
125,315,6.6,0,0,48
1421,129,1.8,0,1,59
168,90,7.1,1,0,34
1845,117,1.0,0,0,70
262,142,8.2,1,0,59
1673,172,3.6,0,0,32
333,19,4.6,0,0,17
226,83,3.5,0,0,23
735,339,5.5,0,0,43
1228,368,4.3,0,0,80
1890,32,7.0,1,0,43
716,241,7.5,1,0,88
1246,397,4.5,0,0,80
834,60,4.0,0,0,17
1656,385,6.7,0,0,83
604,484,3.2,0,0,80
268,494,6.0,0,1,27
1159,498,4.7,0,0,20
1959,374,2.8,0,0,62
1831,342,5.2,0,0,13
316,168,4.6,0,0,41
1609,371,3.3,0,0,27
253,303,2.6,0,0,61
552,461,3.9,0,0,30
1194,284,3.6,0,0,84
458,74,4.1,0,0,51
38,416,1.7,0,0,89
80,228,4.1,0,1,60
1607,436,7.2,1,0,17
1534,419,3.3,0,0,73
1583,241,3.7,0,1,26
1518,173,7.4,1,0,26
1816,185,3.8,0,0,61
1736,236,3.6,0,0,82
1395,216,4.4,0,0,75
602,258,4.1,0,0,43
1113,127,6.5,0,0,45
536,50,6.9,0,0,31
349,125,7.5,1,0,64
236,181,7.0,0,0,10
348,180,2.7,0,0,49
1504,118,6.6,0,0,47
1810,188,7.4,1,0,42
1448,286,2.3,0,1,17
1660,153,7.2,1,0,81
1879,124,8.0,1,0,58
1295,429,5.5,0,0,79
1617,425,3.6,0,0,11
459,284,6.8,0,0,33
1305,197,6.8,0,0,33
1869,182,6.5,0,0,78
1439,227,4.1,0,0,10
658,63,4.7,0,0,69
941,396,6.9,0,1,28
347,425,1.5,0,1,61
518,423,3.0,0,0,38
420,384,3.6,0,0,15
1661,17,3.7,0,0,32
213,385,6.8,0,1,10
308,403,3.5,0,0,54
343,447,8.0,1,0,15
1255,306,3.9,0,0,83
38,155,7.7,1,0,80
528,79,7.4,1,0,26
664,489,1.7,0,0,11
363,493,7.0,0,0,88
1990,343,3.5,0,0,88
1614,459,4.2,0,0,44
781,310,4.4,0,0,30
1660,285,4.4,0,0,24
1884,261,6.8,0,0,79
1891,12,4.3,0,0,52
1896,300,7.3,1,0,15
871,366,8.2,1,0,23
161,249,7.3,1,0,21
283,226,3.5,0,0,88
1237,304,3.9,0,0,28
1910,21,7.2,1,0,76
525,1,3.6,0,0,28
1341,364,3.5,0,0,10
83,464,3.8,0,0,78
724,74,7.6,1,0,80
1864,436,7.6,1,0,19
428,35,7.1,1,0,35
1592,389,6.3,0,0,12
176,106,4.4,0,0,24
1291,51,7.4,1,0,62
234,155,4.3,0,0,61
137,274,5.3,0,0,7
923,301,6.5,0,0,46
1087,294,2.6,0,0,81
1215,199,3.6,0,0,55
1387,367,5.3,0,0,36
216,230,7.4,1,0,68
1445,225,7.4,1,0,18
375,191,2.7,0,0,44
507,117,3.4,0,0,78
869,271,3.7,0,0,22
216,427,4.4,0,0,66
230,384,4.3,0,0,37
824,471,2.9,0,1,74
1315,360,4.3,0,0,85
397,462,3.3,0,0,35
1317,163,3.7,0,0,8
1908,58,4.5,0,0,70
245,477,7.4,1,0,58
250,22,7.2,1,0,86
1670,337,4.1,0,0,88
1504,412,3.4,0,0,85
235,157,6.7,0,0,40
1632,130,6.8,0,0,26
1697,209,7.6,1,0,88
864,104,3.9,0,0,80
1154,28,3.8,0,0,23
326,107,5.1,0,0,27
746,254,3.6,0,0,88
1377,398,5.6,0,0,86
1584,263,4.0,0,0,42
684,364,3.6,0,0,12
349,219,7.8,1,0,72
504,86,7.2,1,1,24
1280,245,6.7,0,0,80
1722,30,7.8,1,0,85
541,322,7.2,1,0,25
834,112,6.9,0,0,74
1117,248,4.1,0,0,21
1023,404,6.6,0,0,36
1464,233,6.8,0,0,61
1137,107,6.5,0,0,66
1741,431,5.4,0,0,31
913,140,3.8,0,0,66
1846,109,3.8,0,1,26
497,261,7.5,1,0,74
873,432,3.6,0,0,84
871,472,4.8,0,0,71
1553,90,7.4,1,0,88
126,38,6.2,0,0,48
1271,136,4.1,0,0,70
512,9,4.9,0,0,81
1029,351,7.3,1,0,14
938,253,4.5,0,0,88
481,381,7.7,1,0,65
146,494,4.9,0,0,15
1965,90,7.1,1,0,8
1542,29,3.8,0,0,16
1392,489,3.8,0,0,53
1238,27,7.6,1,0,25
258,348,6.6,0,0,76
1263,327,4.2,0,0,76
1180,146,5.9,0,0,55
1403,380,1.7,0,1,83
1772,34,4.8,0,0,62
1309,225,6.8,0,0,13
1238,416,5.1,0,0,63
819,216,4.5,0,0,51
1941,172,7.0,1,0,50
228,62,4.8,0,1,89
1903,306,5.8,0,0,39
489,215,6.6,0,0,85
341,192,3.5,0,0,56
1531,398,6.9,0,0,11
578,150,3.5,0,0,8
541,256,6.8,0,0,20
299,460,2.5,0,0,61
716,245,7.2,1,0,13
686,100,6.9,0,0,14
1413,61,6.9,0,0,67
595,351,3.0,0,1,35
599,148,4.0,0,0,45
1635,124,7.6,1,0,74
1311,106,4.0,0,0,14
1334,134,7.1,1,0,40
7,40,7.0,0,0,72
1652,221,6.4,0,0,56
839,419,4.3,0,0,43
1283,93,5.2,0,0,79
1435,288,6.7,0,0,53
1242,40,3.8,0,0,35
1115,58,3.5,0,0,67
1431,6,3.8,0,0,33
183,287,7.7,1,0,27
555,267,2.8,0,0,44
863,408,3.7,0,0,16
899,461,1.9,0,0,88
1403,429,2.9,0,1,50
1529,63,7.3,1,0,57
842,368,6.7,0,0,43
1797,175,7.0,1,0,39
1783,21,6.0,0,1,41
146,67,5.2,0,0,32
1980,125,7.5,1,0,23
1493,149,4.5,0,0,34
473,44,6.6,0,0,32
1192,54,3.4,0,1,25
42,41,4.5,0,0,60
1205,429,3.2,0,0,84
1891,464,7.5,1,0,22
1109,216,4.6,0,0,42
107,219,1.0,0,0,65
636,30,8.0,1,0,59
1424,177,3.8,0,0,83
350,60,2.7,0,0,87
311,91,7.7,1,0,77
1142,183,4.9,0,0,21
1541,101,4.3,0,0,36
1004,240,4.3,0,0,67
1351,324,3.9,0,0,48
994,333,2.0,0,1,51
458,222,4.2,0,0,76
1795,477,4.8,0,0,28
1006,367,6.7,0,0,62
1290,54,3.7,0,0,80
1738,422,6.9,0,0,10
1202,475,7.1,1,0,42
358,46,7.3,1,0,11
640,39,1.2,0,0,63
174,417,4.6,0,0,45
528,188,6.8,0,0,50
186,32,4.1,0,1,56
1435,26,4.3,0,0,45
193,163,7.1,1,0,81
1750,495,7.5,1,0,49
122,458,4.2,0,0,11
1326,79,3.8,0,0,65
1999,238,3.6,0,1,61
246,423,7.0,0,0,64
527,1,4.8,0,0,84
698,65,7.1,1,0,85
1253,69,6.2,0,0,57
1733,228,7.4,1,0,77
325,478,5.5,0,0,75
908,212,4.6,0,0,75
1784,420,1.0,0,0,28
422,99,6.9,0,0,9
600,136,4.2,0,0,24
336,224,5.8,0,0,32
1460,496,3.7,0,1,19
760,128,6.9,0,0,24
1939,403,4.4,0,1,25
976,209,4.2,0,0,54
541,176,4.0,0,0,66
688,255,7.4,1,0,25
1322,333,7.4,1,0,85
1233,411,6.3,0,0,21
1204,415,3.9,0,0,26
738,266,3.0,0,0,58
421,180,4.4,0,0,22
315,21,5.6,0,0,85
1805,33,7.1,1,0,89
1758,272,7.5,1,0,23
459,308,2.1,0,0,23
795,293,4.5,0,0,73
934,355,4.6,0,0,42
1890,252,2.4,0,0,48
367,256,4.0,0,0,31
1904,314,3.3,0,0,44
3,372,7.7,1,0,62
417,217,3.5,0,0,36
1234,408,3.4,0,0,82
650,482,7.0,1,0,86
1885,318,3.8,0,0,16
505,459,3.2,0,0,9
1181,14,4.0,0,0,55
806,455,5.1,0,0,36
1832,140,3.8,0,0,24
755,164,6.7,0,0,34
988,230,4.1,0,0,36
165,208,6.2,0,0,80
69,8,4.6,0,1,68
623,343,3.7,0,0,84
343,123,4.2,0,1,64
639,416,5.7,0,0,55
1190,386,7.2,1,0,35
1825,28,4.0,0,0,32
1394,29,5.8,0,0,78
1704,238,4.5,0,0,45
1250,367,7.5,1,0,29
997,189,3.6,0,0,51
539,457,7.8,1,0,52
1754,56,6.1,0,0,30
1930,463,7.8,1,1,54
1959,467,7.4,1,1,17
1015,242,1.8,0,0,22
374,12,6.9,0,0,39
207,341,4.1,0,0,21
1364,83,4.4,0,0,9
1480,361,3.8,0,0,36
1607,470,6.9,0,0,33
1753,238,3.2,0,0,88
915,114,3.8,0,1,85
1982,391,5.3,0,0,63
978,284,3.7,0,0,23
1239,395,3.8,0,0,18
87,189,3.8,0,0,42
1827,67,7.7,1,0,89
424,82,3.5,0,0,11
115,377,5.5,0,1,45
952,438,6.9,0,0,60
147,222,3.4,0,0,73
1524,150,1.0,0,0,45
1725,495,7.4,1,0,70
927,395,4.2,0,0,49
1017,36,4.0,0,0,55
923,396,7.0,0,0,12
1324,175,7.8,1,0,82
608,282,4.0,0,0,39
82,483,4.3,0,0,48
723,385,3.5,0,0,64
1878,434,6.6,0,0,32
1056,124,4.3,0,1,68
1548,168,5.0,0,0,14
737,227,4.5,0,0,32
1081,135,2.6,0,1,75
1140,303,4.6,0,0,41
1438,178,7.4,1,0,38
1787,8,3.6,0,0,53
727,46,6.5,0,0,69
136,34,3.7,0,0,50
1363,43,4.0,0,0,8
1064,23,7.4,1,0,75
290,202,7.6,1,0,76
1241,411,6.4,0,0,46
1236,155,3.6,0,0,50
371,197,3.8,0,0,23
1829,290,6.7,0,0,35
1163,348,5.8,0,0,64
745,308,6.6,0,0,78
293,389,7.5,1,0,86
1409,137,7.1,1,0,11
1971,166,6.7,0,0,52
1204,121,4.4,0,0,57
1175,108,3.4,0,1,43
964,333,4.5,0,1,13
216,169,6.4,0,0,33
1813,484,3.9,0,0,59
1239,447,7.5,1,0,31
1149,105,3.2,0,0,71
1298,378,6.6,0,0,68
1560,60,3.9,0,0,21
845,412,7.5,1,0,15
1592,213,7.1,1,0,61
1782,251,3.7,0,0,80
739,129,3.3,0,0,10
1371,197,6.4,0,0,27
1637,160,6.1,0,0,54
926,235,3.2,0,0,50
666,100,6.8,0,0,49
575,73,6.8,0,1,54
1029,475,7.1,1,0,66
1131,117,1.8,0,1,88
1851,320,7.1,1,0,18
297,105,3.6,0,0,69
178,431,4.1,0,0,33
1230,115,4.4,0,0,62
1733,350,4.5,0,0,35
625,499,3.2,0,1,50
1389,413,3.6,0,0,15
271,212,3.9,0,0,8
1411,247,2.1,0,0,45
171,246,6.6,0,0,43
311,416,3.8,0,0,73
832,353,5.8,0,0,27
507,160,4.3,0,0,58
1496,395,4.1,0,0,24
1419,27,4.1,0,0,77
1126,479,4.7,0,0,11
1889,15,6.5,0,0,10
1208,213,6.8,0,1,46
453,196,6.6,0,0,18
463,244,7.6,1,0,8
1,239,5.8,0,0,70
1860,338,4.1,0,0,27
1034,341,5.8,0,0,20
1704,360,3.3,0,0,79
1550,238,3.9,0,0,28
309,160,7.6,1,0,86
256,22,1.1,0,0,14
748,321,3.4,0,0,11
1069,46,1.8,0,0,26
1188,256,4.1,0,0,51
772,434,6.8,0,0,52
1538,434,4.5,0,0,76
790,17,3.4,0,0,9
878,249,6.5,0,0,55
1779,434,2.3,0,0,56
10,474,3.5,0,1,25
1559,95,2.4,0,1,15
1405,157,6.6,0,0,88
246,199,7.5,1,0,67
645,105,4.1,0,1,75
1720,118,6.9,0,0,31
744,375,6.3,0,0,11
971,235,6.8,0,0,32
1226,232,7.3,1,1,62
1893,114,7.2,1,0,30
999,363,3.1,0,0,36
956,167,7.9,1,0,12
181,290,6.6,0,1,75
266,28,3.0,0,0,41
436,114,4.1,0,0,53
438,412,3.9,0,0,38
1026,239,7.1,1,0,22
1168,435,3.4,0,0,39
1238,136,3.9,0,1,30
1077,64,1.0,0,0,10
1118,415,8.0,1,0,44
1445,348,6.6,0,0,16
1062,427,7.1,1,0,48
1568,212,3.5,0,0,22
1703,96,7.4,1,0,13
1720,382,6.8,0,0,9
129,289,3.7,0,0,65
1096,160,4.4,0,0,61
6,84,7.5,1,1,32
1440,72,4.4,0,0,24
1704,319,6.7,0,0,51
1484,335,2.6,0,0,79
363,296,3.9,0,0,26
1807,93,6.6,0,0,39
1398,293,1.7,0,1,69
1828,354,4.0,0,0,24
790,99,8.1,1,0,19
362,164,2.7,0,0,64
490,276,6.7,0,0,58
1030,23,3.6,0,0,74
1559,87,2.9,0,0,40
1173,150,4.0,0,0,52
14,300,3.7,0,0,8
1746,261,7.3,1,0,83
355,47,4.2,0,0,25
1103,447,6.3,0,0,36
682,130,3.9,0,0,35
22,126,3.7,0,0,12
1799,212,3.6,0,0,14
252,205,4.0,0,0,67
465,306,7.2,1,0,49
394,95,4.0,0,0,36
530,187,7.2,1,1,41
1171,282,7.0,0,1,55
522,213,4.8,0,0,35
223,104,3.0,0,0,84
792,43,4.3,0,0,45
1372,153,3.2,0,1,59
732,439,8.1,1,0,24
629,391,7.2,1,0,71
84,261,6.9,0,0,57
550,259,3.8,0,0,9
1205,311,7.4,1,0,73
1364,496,6.9,0,0,7
1319,52,4.1,0,0,66
728,457,6.9,0,0,15
679,247,3.2,0,0,88
1082,428,7.7,1,0,72
327,238,4.3,0,0,89
501,284,4.0,0,0,73
1212,47,2.5,0,0,31
1602,487,6.5,0,0,56
115,168,5.1,0,0,43
219,197,1.6,0,0,82
1450,287,6.0,0,0,73
294,297,4.3,0,0,10
989,45,1.1,0,0,26
239,199,4.0,0,0,46
642,154,2.1,0,1,50
1439,154,7.3,1,0,76
1059,272,7.6,1,0,20
537,335,6.7,0,0,77
914,178,6.9,0,0,8
1434,279,4.2,0,0,33
913,218,6.3,0,0,20
908,325,6.5,0,0,51
1668,498,4.2,0,0,72
1815,324,4.3,0,0,45
1773,105,3.3,0,1,60
82,94,6.9,0,0,69
1952,66,4.5,0,0,51
1425,171,4.9,0,0,29
902,272,5.2,0,0,82
795,19,7.1,1,0,31
757,250,3.0,0,1,87
574,169,7.3,1,0,54
1971,481,4.4,0,0,89
244,239,3.8,0,0,40
1245,497,6.5,0,0,52
187,450,5.2,0,0,57
1520,22,4.0,0,1,66
1089,292,6.9,0,0,10
212,238,4.1,0,0,56
1447,419,5.2,0,0,37
709,337,7.1,1,1,49
1916,183,6.7,0,0,47
306,468,3.6,0,0,59
1297,361,7.2,1,0,40
724,81,6.8,0,0,86
1592,179,7.6,1,0,41
542,374,3.7,0,0,88
1429,436,7.1,1,0,36
1499,56,3.2,0,0,20
661,376,1.0,0,1,59
1840,70,5.7,0,0,30
490,415,6.6,0,0,89
1973,345,7.7,1,1,18
943,346,3.9,0,0,15
850,157,2.8,0,0,36
1518,186,6.5,0,0,60
509,28,4.3,0,0,78
1208,309,4.8,0,0,30
1012,351,2.2,0,1,7
438,456,7.1,1,0,89
1565,489,4.3,0,0,14
574,359,6.9,0,0,23
1023,91,4.1,0,1,79
1742,261,4.3,0,1,51
1189,328,7.1,1,0,42
1185,390,5.3,0,1,13
1385,321,6.9,0,0,51
701,403,6.1,0,0,26
1877,83,3.5,0,0,36
1879,219,4.4,0,0,44
851,415,4.4,0,0,38
1553,371,5.1,0,0,58
1428,190,7.5,1,0,49
84,243,4.0,0,0,59
1111,180,3.1,0,0,15
1376,246,4.5,0,0,77
158,299,4.4,0,0,44
34,255,7.4,1,0,63
215,242,3.7,0,0,88
1746,426,3.8,0,0,49
266,8,3.9,0,1,25
1729,311,7.5,1,0,34
1680,489,4.4,0,0,39
509,409,6.6,0,0,73
1451,390,4.4,0,0,88
848,88,1.2,0,1,83
781,329,4.7,0,0,43
1337,309,3.6,0,0,67
721,42,6.5,0,0,23
445,374,5.6,0,1,29
1828,142,4.2,0,0,87
416,25,6.7,0,0,52
863,173,7.6,1,1,54
1664,341,3.4,0,0,17
1132,331,4.5,0,0,75
988,200,4.8,0,0,18
1990,461,2.8,0,0,67
1442,343,2.8,0,0,66
705,71,3.9,0,1,87
478,176,1.6,0,1,79
1350,445,4.2,0,0,45
442,283,6.1,0,0,41
368,486,4.7,0,1,46
1885,471,7.1,1,0,84
851,85,3.9,0,0,79
589,361,4.8,0,0,44
1518,267,7.3,1,0,70
428,126,4.1,0,0,67
1370,12,4.0,0,0,73
1098,363,3.8,0,0,45
1567,142,7.4,1,1,50
1724,353,8.0,1,0,75
1391,336,3.7,0,0,64
104,412,4.1,0,1,51
1440,103,6.5,0,0,80
557,64,3.9,0,0,81
247,329,6.9,0,0,64
743,73,3.5,0,0,70
2000,393,3.1,0,0,25
1514,144,7.7,1,0,40
570,334,7.2,1,0,23
909,122,3.9,0,0,46
215,489,3.8,0,0,9
1514,1,4.0,0,0,22
1886,328,7.7,1,0,16
1441,358,7.1,1,0,68
1973,331,3.6,0,0,65
666,172,1.5,0,1,53
778,317,7.5,1,0,51
1327,418,7.3,1,1,69
1276,76,4.0,0,0,72
1364,336,7.1,1,0,49
66,388,4.3,0,0,13
1110,84,6.9,0,0,51
270,223,3.6,0,0,54
1694,285,3.7,0,0,19
1791,397,2.3,0,1,12
1680,297,3.3,0,0,22
1029,408,6.5,0,0,16
1515,239,6.5,0,0,17
521,450,6.6,0,0,22
1144,432,7.1,1,0,87
567,179,6.7,0,0,46
665,447,7.1,1,0,15
1061,5,7.9,1,0,18
316,172,4.4,0,0,21
1856,249,7.4,1,0,16
191,63,7.1,1,0,39
683,109,7.2,1,0,38
1428,195,6.8,0,0,23
1728,22,1.0,0,0,82
941,11,3.5,0,1,31
1570,140,6.2,0,0,12
1782,19,4.1,0,0,30
1032,368,4.4,0,1,51
1480,224,7.7,1,0,26
1411,189,4.1,0,0,60
1724,124,7.1,1,0,24
1041,159,3.4,0,0,32
278,125,3.9,0,0,88
667,324,4.1,0,0,17
773,186,7.2,1,0,86
1738,74,4.3,0,0,20
840,129,2.0,0,1,72
1077,265,5.2,0,1,62
1669,56,4.5,0,0,87
329,98,1.0,0,0,21
577,327,6.8,0,0,64
1178,234,7.4,1,0,83
1154,416,3.5,0,0,40
208,95,7.2,1,0,14
136,98,3.7,0,0,60
1437,500,6.3,0,1,25
717,46,6.7,0,0,11
929,211,3.9,0,0,23
88,247,4.0,0,0,86
1405,483,3.4,0,0,52
639,156,3.2,0,0,28
1860,496,2.0,0,0,70
119,496,2.8,0,0,56
1401,30,7.1,1,0,22
399,397,3.3,0,1,61
321,160,4.3,0,0,36
1346,402,3.1,0,0,24
1029,325,7.5,1,0,38
1912,142,7.0,1,0,21
1799,461,4.4,0,0,36
1029,129,6.6,0,0,70
1142,448,3.3,0,0,16
1181,31,4.5,0,0,63
599,123,4.5,0,0,43
314,28,3.1,0,1,83
1342,225,4.4,0,0,84
40,169,1.0,0,1,10
290,318,6.8,0,0,77
992,279,4.5,0,0,27
1100,298,7.2,1,0,55
1883,498,4.0,0,0,19
304,424,4.5,0,0,87
496,9,4.2,0,0,79
576,350,1.5,0,1,31
412,394,4.6,0,0,32
914,68,6.5,0,0,21
1815,169,4.5,0,0,85
52,137,4.8,0,1,36
300,446,4.5,0,0,36
230,139,2.6,0,0,37
1186,396,7.8,1,0,48
948,5,4.3,0,0,65
833,308,5.2,0,0,56
1904,295,6.4,0,0,86
1041,220,2.8,0,0,73
624,24,6.1,0,0,10
556,321,6.9,0,0,88
994,156,4.2,0,0,30
807,375,3.8,0,0,87
241,324,3.0,0,0,89
1590,90,5.5,0,1,65
1147,374,3.7,0,0,24
1027,18,6.9,0,0,58
488,299,6.7,0,0,13
1903,202,3.5,0,0,27
378,165,3.8,0,0,38
1721,425,4.3,0,1,47
1094,280,6.5,0,0,62
1423,493,3.8,0,0,33
345,131,6.4,0,0,45
1312,254,6.9,0,0,10
1540,497,5.8,0,0,40
667,15,4.4,0,0,67
364,108,7.3,1,0,71
510,160,1.0,0,0,72
1824,394,6.7,0,0,51
152,259,4.1,0,1,21
622,143,5.0,0,1,60
844,426,5.2,0,0,67
98,126,7.3,1,0,85
1309,154,6.8,0,0,67
1394,454,6.6,0,0,9
1953,298,6.4,0,0,64
1081,482,4.6,0,0,68
959,76,4.0,0,0,61
154,269,4.0,0,0,28
1364,363,6.5,0,0,58
339,423,7.0,1,0,12
407,138,2.5,0,1,76
261,247,2.5,0,0,49
1716,473,5.9,0,0,18
940,182,6.6,0,1,38
1181,174,2.6,0,0,31
1333,478,5.8,0,1,88
1247,211,4.9,0,0,41
1207,303,5.8,0,0,9
1221,315,7.8,1,0,24
234,488,4.2,0,0,72
1780,409,7.5,1,0,78
1691,378,4.3,0,0,72
1379,282,6.7,0,0,86
1932,130,7.3,1,0,32
1057,24,6.6,0,0,14
1621,367,3.8,0,0,19
851,221,7.3,1,0,38
358,176,4.7,0,0,57
256,419,2.8,0,1,76
52,437,1.1,0,1,9
1775,94,6.5,0,1,52
863,317,4.0,0,0,76
1394,404,7.4,1,0,64
250,183,3.4,0,0,30
1741,89,2.6,0,0,11
1213,91,4.1,0,0,84
1863,165,7.2,1,0,47
1569,93,7.6,1,0,87
1933,390,4.3,0,0,15
919,199,2.0,0,0,7
1326,62,6.4,0,0,89
517,349,7.0,1,0,72
465,301,6.8,0,0,49
136,330,6.4,0,0,17
156,481,3.7,0,0,52
668,244,1.6,0,1,72
278,242,2.5,0,1,14
772,271,6.9,0,0,45
1400,76,7.6,1,0,24
703,308,6.1,0,0,48
1373,230,7.7,1,0,45
1947,334,4.2,0,0,78
73,213,7.0,1,0,41
1682,183,7.5,1,0,78
1969,392,4.0,0,0,33
916,38,6.9,0,0,48
1622,357,3.5,0,0,45
906,157,4.5,0,0,8
1106,156,4.3,0,0,38
1947,310,3.7,0,1,37
1138,24,6.9,0,0,52
731,481,4.0,0,0,70
1822,236,5.7,0,0,36
874,235,6.7,0,0,18
835,143,6.9,0,0,22
561,366,7.4,1,0,12
170,401,6.5,0,0,55
1801,207,6.7,0,0,74
1844,472,7.4,1,0,28
180,5,4.2,0,0,38
1772,147,3.6,0,0,32
839,288,4.4,0,0,50
1306,189,6.9,0,0,51
1567,126,7.4,1,0,37
367,317,6.8,0,0,58
564,332,3.1,0,0,68
1434,323,7.6,1,0,13
1808,472,7.4,1,0,71
246,475,7.3,1,0,80
1049,338,1.0,0,1,38
818,493,7.0,1,1,20
387,472,4.3,0,0,22
887,189,7.7,1,0,61
786,455,6.9,0,0,48
775,388,3.5,0,0,28
597,466,4.6,0,0,40
499,155,7.0,1,0,62
1175,299,5.0,0,1,74
565,467,4.1,0,0,16
1802,414,6.3,0,1,42
1234,172,8.3,1,0,10
1420,124,7.7,1,0,19
124,68,6.9,0,0,15
1802,125,3.5,0,0,78
1354,54,3.8,0,1,44
739,136,7.0,1,0,11
632,371,3.0,0,0,32
1803,162,6.3,0,0,27
883,410,4.0,0,0,11
9,119,7.3,1,0,64
1802,78,1.0,0,0,43
1193,230,5.1,0,0,86
1085,331,2.0,0,1,43
1449,5,3.8,0,0,58
1553,90,6.8,0,0,26
1383,97,3.9,0,0,13
1886,322,6.8,0,0,14
90,488,4.2,0,0,11
488,282,6.7,0,0,72
435,119,4.2,0,0,33
1320,1,4.7,0,0,80
1557,156,1.0,0,0,26
756,377,5.3,0,0,62
1844,68,4.3,0,0,37
49,181,3.5,0,0,24
1676,72,5.1,0,0,11
1287,143,4.3,0,0,65
564,417,4.1,0,0,68
59,258,6.3,0,0,45
4,3,7.6,1,0,16
369,27,7.3,1,0,86
1035,68,6.9,0,0,83
1493,15,3.8,0,0,26
1764,30,6.7,0,0,60
1722,207,7.0,1,0,73
929,422,3.7,0,0,82
1113,354,3.9,0,0,23
1665,14,3.7,0,0,10
756,66,3.8,0,0,58
353,176,5.1,0,0,76
1084,414,7.1,1,0,73
628,323,3.8,0,0,16
550,380,7.3,1,0,78
447,197,5.1,0,0,49
734,60,7.0,1,0,17
1059,255,6.1,0,0,27
1189,28,6.9,0,0,79
1373,124,7.1,1,0,39
439,165,4.3,0,0,11
82,119,4.3,0,0,48
1327,215,3.6,0,0,72
592,442,6.9,0,0,8
113,294,3.9,0,0,49
1121,185,4.9,0,1,54
189,82,2.1,0,0,37
1129,381,7.3,1,0,78
1697,133,1.9,0,1,29
941,27,6.6,0,0,62
382,250,3.3,0,0,67
122,239,4.5,0,0,42
1574,72,4.7,0,0,89
228,225,5.8,0,1,34
1498,363,3.6,0,0,86
1669,174,3.8,0,0,47
1634,172,4.1,0,0,60
196,217,5.3,0,0,48
1454,25,2.9,0,0,28
880,137,5.4,0,1,67
677,429,2.7,0,0,42
1179,145,6.9,0,0,10
1923,19,3.1,0,0,89
844,148,7.0,1,1,35
1604,66,3.7,0,0,28
1092,235,4.6,0,0,41
1995,98,1.0,0,0,49
227,241,3.3,0,0,57
228,194,7.3,1,0,64
1325,118,7.0,0,0,28
1588,181,6.6,0,0,37
102,230,3.6,0,0,73
1728,211,5.4,0,0,83
1750,127,3.5,0,0,78
216,90,4.3,0,0,58
1906,446,3.7,0,1,39
140,304,6.1,0,0,88
1978,324,3.8,0,0,42
862,240,5.1,0,0,62
525,380,5.3,0,0,13
1048,189,7.5,1,0,16
11,296,4.7,0,0,10
770,461,4.6,0,1,48
359,42,4.2,0,0,73
1636,444,3.4,0,0,29
765,76,7.0,0,0,18
1916,480,4.0,0,0,51
1590,366,3.8,0,0,78
13,222,2.4,0,0,48
1635,220,7.0,0,0,54
1913,408,2.7,0,1,76
85,237,3.8,0,0,39
1911,266,7.2,1,0,14
795,164,3.9,0,0,30
1701,297,1.0,0,0,26
220,173,4.8,0,0,75
608,52,6.9,0,0,82
1376,281,7.7,1,0,87
1563,245,6.9,0,0,44
1443,302,5.4,0,0,9
646,253,3.9,0,0,85
1086,319,4.2,0,0,66
1129,239,3.5,0,1,39
1996,74,7.1,1,0,68
513,79,7.0,1,0,73
1892,208,3.6,0,0,69
438,492,3.9,0,0,18
1467,404,5.2,0,0,38
1351,214,3.8,0,0,77
1092,180,3.9,0,0,52
1705,389,6.1,0,1,14
1178,330,7.0,0,0,59
1868,468,1.0,0,0,35
515,481,1.3,0,0,15
1793,240,3.5,0,0,55
655,442,7.1,1,0,82
765,40,3.7,0,0,74
1927,431,4.4,0,0,28
1343,174,1.0,0,0,28
539,376,5.2,0,0,28
249,181,6.5,0,0,37
500,299,7.6,1,0,59
1413,130,3.7,0,0,79
1158,186,7.3,1,0,67
1001,312,1.0,0,0,70
975,395,7.8,1,0,53
1148,70,7.2,1,0,18
1991,487,6.7,0,0,56
1679,59,7.0,0,1,34
1896,51,7.3,1,0,39
1665,85,4.1,0,0,51
841,80,4.3,0,0,67
1188,103,6.2,0,0,81
1005,100,4.3,0,0,53
1740,149,4.0,0,0,60
525,189,7.0,0,1,33
898,10,8.0,1,0,30
784,337,5.2,0,0,88
1201,388,3.6,0,0,66
368,43,4.1,0,1,46
480,469,7.5,1,0,34
142,440,1.3,0,0,84
1783,473,4.1,0,0,85
377,73,5.9,0,0,76
732,460,4.4,0,0,69
1468,403,5.9,0,0,26
1652,98,4.3,0,0,45
1773,494,2.5,0,1,49
788,340,3.1,0,0,31
548,226,2.2,0,0,15
1363,335,6.9,0,0,52
1536,219,3.5,0,0,21
1809,393,1.8,0,1,49
851,366,6.3,0,0,65
1054,267,4.1,0,0,47
1238,251,3.6,0,0,61
885,189,3.6,0,0,24
79,34,3.7,0,0,55
1472,199,2.6,0,0,83
183,433,3.5,0,0,65
83,93,7.0,0,0,75
1001,444,4.7,0,0,17
792,476,3.8,0,0,9
131,231,7.3,1,0,37
362,249,7.7,1,0,51
609,316,4.8,0,0,27
1222,112,4.0,0,0,87
1362,459,5.2,0,0,31
1991,177,7.5,1,0,69
1613,88,7.7,1,0,84
441,201,4.0,0,0,12
705,217,3.7,0,0,23
955,285,4.5,0,1,64
1461,214,4.1,0,0,44
373,141,6.3,0,0,35
1786,61,6.5,0,0,24
1325,21,6.9,0,0,77
1154,299,7.2,1,0,35
800,173,3.7,0,0,9
39,307,4.6,0,0,52
194,6,3.7,0,0,85
115,239,5.5,0,0,47
1072,224,7.4,1,0,29
1226,142,7.0,0,0,82
1689,65,3.2,0,1,56
129,490,3.6,0,0,50
873,350,3.9,0,0,78
1232,65,3.7,0,0,21
1714,262,2.9,0,0,35
1496,46,3.0,0,0,30
1399,382,6.7,0,0,67
1513,127,7.9,1,0,47
1333,87,3.9,0,1,57
1607,382,7.2,1,0,47
1469,286,3.3,0,1,59
1791,361,2.9,0,1,55
1073,111,1.1,0,1,50
1607,125,4.2,0,0,66
1845,220,2.0,0,0,31
1346,306,3.5,0,0,46
390,64,8.2,1,0,82
173,338,4.6,0,0,52
959,129,6.7,0,0,88
1009,193,7.3,1,0,62
1206,48,7.2,1,0,53
250,225,6.7,0,0,81
673,168,6.1,0,0,14
243,209,7.3,1,0,88
1458,475,5.7,0,0,60
380,487,7.7,1,0,86
769,204,7.0,1,0,36
1149,271,7.0,0,0,69
1606,38,6.1,0,1,57
373,222,7.4,1,0,37
1616,358,1.6,0,0,32
534,349,4.4,0,0,79
887,266,3.9,0,0,65
1973,168,3.6,0,0,12
132,245,7.1,1,0,18
867,145,7.0,0,0,76
1899,164,4.3,0,0,86
1891,462,4.2,0,1,77
474,376,1.0,0,1,71
1087,56,4.6,0,0,71
1437,77,1.5,0,0,80
229,284,7.0,0,0,57
1932,264,4.7,0,0,43
1291,17,4.1,0,0,59
451,386,7.2,1,0,88
1373,2,4.0,0,0,37
629,369,4.5,0,0,60
1695,467,6.1,0,0,31
1699,57,7.2,1,0,39
309,122,4.8,0,0,18
1367,497,4.6,0,0,33
804,315,7.4,1,0,9
734,121,5.1,0,0,69
252,226,7.5,1,1,11
1114,6,3.5,0,1,50
1168,199,2.2,0,0,79
751,407,3.9,0,0,37
529,137,3.3,0,0,12
1734,448,3.1,0,0,24
1440,496,4.1,0,0,35
928,153,4.5,0,0,26
980,10,3.8,0,0,25
1427,245,4.3,0,0,66
1674,319,6.5,0,0,63
962,335,3.5,0,0,72
1702,470,3.1,0,0,84
1989,280,1.2,0,1,89
817,496,6.0,0,1,30
1747,223,6.6,0,0,87
1992,250,3.1,0,0,17
990,475,6.8,0,0,23
488,90,3.6,0,0,32
1967,153,3.8,0,0,26
1471,208,4.2,0,0,58
1618,10,4.4,0,0,10
1239,391,4.5,0,0,71
636,285,6.2,0,0,14
581,1,3.8,0,0,77
1582,108,6.9,0,0,88
1448,252,2.6,0,0,67
1531,486,7.3,1,0,36
30,215,7.5,1,0,62
723,317,3.9,0,0,17
1420,342,4.2,0,0,30
601,9,3.6,0,0,16
1539,19,6.8,0,0,8
437,400,6.8,0,0,66
1146,408,7.7,1,0,22
356,99,4.6,0,1,16
850,237,3.8,0,0,89
100,3,7.8,1,0,54
177,427,7.1,1,0,74
1273,382,4.8,0,0,34
206,308,4.4,0,0,40
895,361,2.1,0,1,14
1650,5,4.5,0,0,79
860,121,1.3,0,0,72
230,410,6.6,0,0,47
51,147,4.3,0,1,51
493,256,7.6,1,0,31
946,129,4.0,0,0,61
544,267,3.0,0,0,37
398,447,6.6,0,0,60
1242,470,4.4,0,0,41
1902,158,1.2,0,1,21
153,20,1.0,0,0,58
855,469,4.6,0,1,7
862,382,7.2,1,0,24
589,300,6.9,0,0,81
1074,379,6.5,0,0,23
1404,120,7.5,1,0,76
371,184,4.2,0,0,83
954,172,3.9,0,0,69
615,373,5.5,0,0,20
125,90,3.8,0,1,64
883,153,7.1,1,1,76
1360,3,3.8,0,0,24
1718,331,4.8,0,0,82
1853,316,4.3,0,1,74
450,300,6.9,0,0,35
176,420,7.7,1,0,53
1662,171,1.0,0,0,12
1808,444,7.3,1,0,36
1669,394,3.4,0,0,17
998,191,2.1,0,0,47
1980,200,7.5,1,0,86
1471,259,6.8,0,0,24
1333,368,4.0,0,0,81
1597,434,8.1,1,0,29
1724,440,4.7,0,0,23
1631,90,4.7,0,0,73
936,424,4.5,0,0,59
1877,483,4.0,0,0,29
1434,99,4.7,0,1,81
1130,46,3.4,0,0,88
336,211,5.4,0,0,76
377,162,6.7,0,0,29
1940,275,3.3,0,0,35
1170,69,4.1,0,0,61
1668,223,6.2,0,0,18
146,264,4.5,0,0,65
1367,451,7.3,1,0,56
1749,199,1.8,0,0,45
834,359,7.3,1,0,22
1400,90,3.2,0,0,42
1042,407,3.0,0,0,48
1895,236,4.6,0,0,22
816,462,4.3,0,0,72
1055,295,3.6,0,0,70
924,388,4.2,0,0,76
442,342,7.0,0,0,33
386,438,5.9,0,0,78
738,360,1.9,0,1,39
1059,438,4.0,0,0,75
997,260,4.2,0,0,53
1099,366,6.6,0,0,16
679,458,6.6,0,0,66
584,128,4.7,0,0,55
179,28,3.5,0,0,42
750,478,4.9,0,0,53
1371,285,4.4,0,0,69
758,349,6.8,0,0,57
1393,37,2.5,0,1,44
251,53,6.5,0,1,59
715,375,3.7,0,0,41
1552,269,4.8,0,0,17
87,130,7.4,1,0,53
1969,79,1.1,0,0,39
1900,425,4.1,0,0,45
610,34,5.3,0,0,75
1092,191,3.6,0,0,15
1853,404,6.2,0,0,18
1895,238,3.2,0,0,88
595,142,7.2,1,0,25
822,255,4.5,0,1,84
485,436,5.6,0,0,58
1631,71,3.5,0,0,33
1053,18,3.3,0,0,67
756,175,5.8,0,0,55
1423,18,4.1,0,1,28
1011,204,6.1,0,0,64
1155,30,7.4,1,0,52
1171,127,3.8,0,1,20
314,136,4.9,0,0,24
1785,470,1.9,0,1,62
996,210,4.6,0,0,78
117,264,4.6,0,0,51
948,432,3.8,0,0,57
1668,376,3.9,0,0,15
208,231,7.1,1,0,37
1421,384,1.0,0,1,46
414,266,5.9,0,0,81
1717,349,6.8,0,0,87
166,370,7.1,1,0,21
351,61,6.7,0,0,17
1915,454,4.0,0,0,85
1117,134,4.9,0,0,79
1558,225,2.5,0,0,46
647,110,6.9,0,0,47
1331,423,7.3,1,0,89
171,69,6.2,0,0,49
827,310,7.1,1,0,85
742,410,7.1,1,1,50
393,42,3.9,0,0,87
1232,314,7.6,1,0,17
1126,473,6.0,0,0,72
1857,244,3.4,0,0,60
73,69,4.9,0,0,69
94,435,7.2,1,0,63
177,312,6.7,0,0,15
1261,278,7.2,1,0,41
169,319,6.7,0,0,71
1518,449,4.3,0,0,69
1911,152,7.3,1,0,78
675,297,4.2,0,0,26
440,244,3.6,0,0,14
724,224,7.5,1,0,9
642,22,1.3,0,1,76
1000,199,3.5,0,0,59
1075,412,6.6,0,0,75
1993,281,5.1,0,0,72
1395,40,6.6,0,0,12
1049,103,2.5,0,0,74
1575,336,2.8,0,0,72
567,72,4.3,0,0,7
678,60,3.6,0,0,20
1743,88,4.7,0,0,59
640,146,2.9,0,0,15
310,419,5.7,0,0,38
212,333,4.4,0,0,68
1966,304,2.5,0,1,17
25,296,4.1,0,0,81
108,330,3.6,0,0,46
223,469,3.4,0,0,25
1550,485,4.2,0,1,49
1335,236,3.8,0,1,71
242,162,4.8,0,1,24
392,89,2.2,0,0,7
1359,399,6.1,0,1,83
1557,177,5.6,0,0,15
788,340,1.7,0,0,51
917,233,3.3,0,0,60
854,171,6.8,0,0,10
633,63,8.0,1,0,64
1462,337,6.8,0,0,77
264,105,4.4,0,0,41
978,115,5.2,0,1,40
1412,197,4.8,0,0,84
449,317,6.6,0,1,44
585,225,6.6,0,0,87
1980,215,3.9,0,0,75
649,152,3.5,0,0,36
1210,168,6.6,0,0,19
1791,224,5.2,0,0,68
406,253,4.7,0,0,12
547,411,3.9,0,0,46
1038,74,3.5,0,0,64
1539,399,7.3,1,0,17
238,167,4.2,0,0,62
846,374,1.9,0,0,31
431,483,7.6,1,0,68
1552,343,3.7,0,0,52
680,339,7.2,1,0,72
1139,214,4.2,0,0,53
792,178,7.3,1,0,78
1758,342,6.9,0,0,19
960,156,3.4,0,0,46
902,273,2.9,0,1,67
623,458,7.7,1,0,30
1843,426,2.1,0,0,81
1091,30,6.9,0,0,17
584,347,6.3,0,0,14
1239,221,7.0,1,0,11
1982,421,3.9,0,1,84
742,160,1.7,0,0,39
1797,18,6.8,0,0,13
157,57,2.9,0,0,77
199,369,3.8,0,0,12
1902,256,2.6,0,1,10
513,326,5.9,0,0,71
1653,453,4.0,0,0,66
748,455,5.8,0,1,61
501,205,7.1,1,0,83
532,100,6.6,0,1,79
1873,227,3.2,0,0,24
1665,167,4.4,0,0,77
1446,8,6.0,0,0,22
898,427,7.7,1,0,53
1569,213,6.5,0,0,58
647,438,6.7,0,0,68
1566,82,7.1,1,0,64
266,132,4.0,0,1,79
1854,365,3.4,0,0,83
613,352,4.9,0,1,71
1471,377,4.2,0,0,38
1904,434,4.0,0,0,58
791,243,1.1,0,0,43
1840,416,6.2,0,0,82
1860,416,3.0,0,0,85
1385,436,6.6,0,0,20
1257,157,7.5,1,0,31
1967,180,6.3,0,0,40
1424,485,4.0,0,0,85
98,147,3.9,0,0,80
172,373,7.3,1,0,30
1848,7,1.1,0,0,14
184,461,1.0,0,0,72
1275,408,3.5,0,0,22
132,315,7.8,1,0,81
58,19,7.6,1,0,23
139,143,7.5,1,0,11
1981,388,2.8,0,0,81
1758,360,5.4,0,0,39
1533,100,6.3,0,0,11
1984,197,4.1,0,0,24
1594,354,7.0,1,1,30
517,383,3.4,0,0,75
634,169,1.0,0,1,13
1882,385,5.7,0,1,18
1862,340,4.2,0,0,10
1632,210,6.8,0,0,63
1742,180,3.9,0,0,70
501,138,3.7,0,0,32
1478,99,6.7,0,0,75
1215,462,4.4,0,0,57
773,175,6.2,0,0,56
1464,19,7.3,1,0,50
708,195,4.9,0,0,55
997,59,8.0,1,1,74
354,374,6.7,0,0,25
47,241,5.1,0,0,67
1592,78,3.3,0,0,54
650,416,7.5,1,0,23
350,281,5.7,0,0,67
1607,419,3.7,0,0,71
230,41,4.4,0,0,14
824,340,6.3,0,0,39
1995,361,4.8,0,0,10
1047,197,6.4,0,0,64
1475,107,4.3,0,0,78
1976,424,3.2,0,0,58
152,53,5.5,0,0,56
1703,316,3.9,0,0,39
1181,330,4.2,0,1,73
1411,461,3.6,0,0,15
262,134,6.8,0,0,49
1555,16,7.9,1,0,13
1395,486,6.6,0,0,67
159,243,4.0,0,0,21
1544,452,3.9,0,0,22
688,418,6.7,0,0,50
327,37,1.6,0,1,34
1536,324,3.6,0,0,32
1099,212,3.3,0,0,69
1648,496,6.8,0,0,28
1734,184,4.6,0,0,66
1650,469,7.1,1,0,50
1666,426,1.9,0,0,23
1402,447,6.2,0,0,60
526,100,7.1,1,0,59
1030,90,4.1,0,1,8
136,117,7.4,1,0,38
824,94,7.5,1,1,79
1744,386,2.8,0,1,28
1472,315,3.2,0,0,60
211,378,7.1,1,0,20
545,495,3.3,0,0,54
1345,302,7.0,1,0,61
1630,74,4.3,0,0,47
283,426,3.5,0,0,74
1949,164,4.8,0,0,51
791,446,4.2,0,0,27
947,137,4.6,0,0,36
1472,225,5.4,0,0,51
529,28,6.9,0,0,16
994,462,2.5,0,1,24
291,432,3.0,0,1,43
1320,262,4.7,0,0,41
1690,361,5.9,0,1,68
367,402,8.1,1,0,25
325,373,3.1,0,0,55
1097,346,1.0,0,0,18
1176,385,3.1,0,1,55
927,108,4.3,0,0,53
1391,15,4.2,0,1,47
1912,259,4.6,0,0,81
336,99,2.9,0,0,75
1977,171,1.0,0,0,84
832,364,4.4,0,0,77
14,416,4.0,0,0,56
187,57,6.4,0,0,46
371,86,3.9,0,0,8
1903,200,1.0,0,0,8
963,220,4.1,0,0,27
1870,59,6.6,0,0,7
329,265,5.9,0,0,44
1767,221,6.6,0,0,32
1078,119,3.8,0,0,23
198,128,4.6,0,0,74
1040,215,4.4,0,1,35
425,452,4.5,0,0,12
1320,198,4.6,0,1,84
242,429,6.3,0,0,23
1108,112,4.1,0,1,34
1165,413,3.6,0,0,60
227,109,4.4,0,0,58
1765,299,3.2,0,0,77
1764,490,4.8,0,0,43
1329,291,6.0,0,0,66
1336,106,4.7,0,0,18
742,327,3.8,0,1,56
306,103,7.4,1,0,29
1114,471,4.2,0,0,12
733,24,6.2,0,0,20
1076,70,3.4,0,0,45
348,66,4.3,0,0,66
506,382,6.4,0,1,55
29,496,5.0,0,1,14
187,55,2.2,0,0,22
1082,192,4.0,0,0,32
1297,370,4.3,0,0,54
1022,68,2.5,0,1,31
200,146,2.5,0,1,63
145,59,6.7,0,0,21
1247,100,7.3,1,0,13
731,220,6.9,0,0,23
1481,108,7.0,0,0,43
1940,257,4.7,0,0,30
1149,162,7.6,1,0,14
603,295,7.0,0,0,50
260,495,7.6,1,0,39
432,451,2.4,0,0,44
808,56,7.0,1,0,41
715,459,7.8,1,0,29
1985,191,2.7,0,1,72
1274,81,4.0,0,0,26
1033,313,5.2,0,0,69
1736,349,3.2,0,0,78
252,340,7.4,1,0,23
371,282,8.1,1,0,10
1369,7,4.5,0,0,36
586,498,4.8,0,0,20
822,238,3.0,0,0,17
1226,140,4.7,0,0,36
1257,316,6.7,0,0,53
1063,491,7.4,1,0,79
1082,496,3.4,0,0,73
607,156,6.9,0,0,50
499,402,3.3,0,0,50
1094,319,6.7,0,0,53
1406,490,5.5,0,0,59
962,462,4.3,0,0,66
1579,201,3.6,0,0,58
1184,113,7.6,1,1,57
394,396,7.5,1,1,74
1162,348,5.7,0,1,79
214,266,6.8,0,0,54
1133,345,7.2,1,0,86
1856,296,7.8,1,0,38
945,330,7.1,1,0,25
1364,52,7.0,1,0,11
1730,297,3.8,0,0,26
1518,182,3.2,0,0,54
499,291,5.6,0,1,45
1795,19,3.5,0,0,89
5,311,6.6,0,0,24
836,100,6.6,0,0,44
909,125,4.4,0,0,15
366,108,4.1,0,0,73
644,296,6.9,0,0,32
1275,95,3.9,0,0,70
1159,291,4.3,0,0,38
282,120,1.8,0,0,61
341,185,6.5,0,0,69
1921,149,4.7,0,0,51
733,170,2.1,0,1,19
543,380,6.1,0,0,59
402,51,6.6,0,1,73
1473,83,3.9,0,0,87
731,2,3.3,0,0,34
941,37,5.1,0,1,89
1796,103,7.0,1,0,44
813,108,3.5,0,0,38
1258,395,4.4,0,0,64
1357,163,6.2,0,0,36
346,375,6.6,0,0,60
260,383,6.8,0,0,72
755,295,7.5,1,0,39
1202,444,3.7,0,0,34
459,155,4.8,0,0,14
121,46,3.4,0,0,30
1770,22,7.8,1,0,14
743,58,4.4,0,0,41
169,48,5.2,0,0,77
556,353,7.1,1,0,37
448,214,3.3,0,0,74
1049,248,1.0,0,0,13
672,280,6.6,0,1,53
1715,36,4.0,0,0,74
70,110,3.5,0,0,31
351,22,3.7,0,0,51
922,111,2.7,0,0,61
1202,419,7.1,1,0,14
254,54,6.1,0,1,26
100,290,2.7,0,0,64
1775,183,6.5,0,0,34
1402,196,3.5,0,0,11
1920,188,6.8,0,0,23
1721,287,7.9,1,1,38
1353,47,6.8,0,0,73
865,415,4.0,0,0,82
1134,187,6.9,0,0,70
1963,374,7.3,1,0,64
514,334,4.3,0,0,14
1720,468,4.3,0,0,12
1299,409,7.5,1,0,59
1564,410,3.9,0,0,85
1537,168,2.7,0,1,60
1322,464,7.9,1,0,36
868,272,7.2,1,0,80
121,139,3.6,0,0,55
44,159,7.7,1,0,32
1895,198,7.1,1,0,15
1537,389,5.4,0,0,60
616,152,1.0,0,1,18
1014,278,3.1,0,0,88
1221,398,3.7,0,0,84
1812,440,7.7,1,0,36
107,297,1.0,0,1,85
985,333,1.3,0,0,85
1274,218,4.6,0,0,75
1213,132,4.8,0,0,80
1237,217,4.7,0,0,54
1582,411,6.3,0,0,65
380,452,4.6,0,0,46
1124,343,4.8,0,0,17
890,14,4.5,0,0,50
1513,319,7.5,1,0,67
1553,50,6.5,0,0,22
213,17,7.3,1,0,41
1787,340,6.7,0,0,81
1771,176,3.5,0,1,72
535,213,5.7,0,0,49
1292,112,6.3,0,0,20
52,84,4.9,0,0,27
1712,56,4.8,0,0,45
1009,143,6.7,0,0,73
1886,93,7.2,1,0,86
1322,31,7.1,1,0,65
69,329,3.5,0,0,29
337,427,4.5,0,0,88
823,274,2.2,0,0,32
1298,213,3.9,0,0,20
439,314,7.1,1,0,34
270,467,6.8,0,0,32
498,418,4.5,0,1,30
1247,360,3.7,0,0,28
71,33,7.7,1,0,78
1645,23,4.2,0,0,85
523,258,7.2,1,0,88
1348,335,7.3,1,0,27
880,198,5.4,0,1,15
1228,44,7.5,1,0,47
588,475,3.9,0,0,8
95,28,4.6,0,0,37
1046,226,4.1,0,1,34
372,498,4.2,0,0,8
1119,66,7.4,1,0,25
668,454,6.6,0,0,47
738,261,4.1,0,0,75
236,126,4.5,0,0,24
1187,223,4.5,0,0,10
169,26,2.3,0,0,22
506,302,4.3,0,0,70
590,232,7.1,1,0,26
961,64,7.2,1,0,70
619,397,7.2,1,0,51
1912,86,4.2,0,0,60
164,245,7.0,1,0,33
1623,145,7.3,1,0,39
133,379,4.6,0,1,73
1882,208,3.0,0,0,20
1004,474,2.3,0,1,87
1889,30,6.4,0,0,87
1995,243,1.2,0,0,79
172,190,3.9,0,0,22
1119,477,7.7,1,0,64
128,348,7.1,1,0,30
1829,29,7.2,1,0,54
1284,51,6.5,0,0,47
1029,136,4.6,0,0,58
903,189,4.4,0,0,53
383,338,4.6,0,0,56
1020,422,6.0,0,0,60
684,408,2.3,0,0,69
1895,265,6.9,0,0,28
548,330,6.2,0,1,10
435,15,4.5,0,0,32
535,381,6.6,0,0,65
1072,367,7.5,1,0,52
1569,327,3.9,0,0,76
1403,319,2.2,0,0,47
723,354,4.4,0,0,59
1255,476,4.2,0,0,82
963,432,4.4,0,0,14
666,294,3.6,0,1,47
1899,358,7.1,1,0,56
736,64,3.8,0,0,81
1802,189,6.8,0,0,50
284,107,3.0,0,0,84
1722,253,7.0,0,0,26
1839,222,4.3,0,0,32
1364,1,3.9,0,0,21
142,311,6.2,0,0,76
1336,279,3.7,0,0,12
488,244,6.5,0,0,23
1948,416,7.3,1,0,89
1591,425,3.7,0,0,65
1166,466,3.1,0,1,48
816,103,7.2,1,0,12
59,90,7.7,1,0,23
168,66,7.0,1,0,60
71,44,4.3,0,0,89
829,94,3.5,0,1,39
614,377,7.0,1,0,55
1684,242,7.0,1,0,21
962,286,3.8,0,0,65
280,88,7.7,1,0,52
28,16,5.5,0,1,68
546,294,7.3,1,0,53
1999,278,6.7,0,0,69
883,465,3.3,0,0,51
1008,397,6.3,0,0,54
1905,26,6.9,0,0,67
1917,250,6.5,0,0,79
1677,414,6.3,0,0,86
691,298,4.7,0,1,9
1577,125,4.5,0,0,76
459,382,7.0,1,1,20
1429,496,7.0,1,0,44
769,340,3.8,0,0,63
512,248,4.8,0,0,66
1602,223,4.9,0,0,45
1860,40,3.0,0,0,32
1128,103,4.3,0,0,63
955,384,4.0,0,0,13
938,141,5.5,0,0,52
1977,61,3.4,0,0,35
1647,92,6.8,0,0,35
81,100,7.0,1,0,79
1026,62,4.1,0,0,31
1086,273,4.3,0,0,16
699,409,5.3,0,0,50
497,339,7.5,1,0,84
1280,381,7.0,0,0,70
1572,449,3.5,0,0,32
1287,290,3.1,0,0,70
690,52,7.4,1,0,83
119,209,4.0,0,0,65
1435,251,4.8,0,0,89
1654,79,2.7,0,1,11
1978,39,2.9,0,0,86
20,221,8.0,1,0,21
251,212,1.3,0,0,53
419,172,4.0,0,1,45
457,146,4.2,0,0,46
1008,292,7.3,1,0,85
1452,254,6.5,0,0,79
35,129,2.8,0,0,63
1061,263,2.5,0,1,56
1166,481,1.0,0,0,8
1063,305,3.7,0,0,20
407,359,4.8,0,0,31
1589,472,4.0,0,0,61
1210,452,4.4,0,0,52
1488,127,4.2,0,0,76
1819,266,4.2,0,0,65
43,99,4.4,0,0,68
42,97,7.0,0,0,14
510,7,4.3,0,0,61
579,392,6.6,0,0,82
1628,324,4.1,0,0,64
1714,228,7.3,1,0,61
1509,357,7.2,1,0,48
1510,219,6.5,0,0,26
1554,198,2.4,0,0,23
1717,150,3.6,0,0,48
1406,389,5.3,0,0,65
1982,336,2.5,0,0,59
1799,266,4.3,0,0,84
412,42,7.2,1,0,70
333,212,4.1,0,1,67
356,390,1.7,0,0,21
332,296,3.6,0,0,13
534,72,4.4,0,0,59
601,405,6.6,0,0,78
1413,238,4.2,0,0,85
411,258,3.8,0,0,52
126,21,7.4,1,0,83
1045,406,3.8,0,0,71
1601,88,4.0,0,1,10
500,279,3.5,0,0,47
1938,376,4.3,0,0,58
657,307,4.4,0,0,62
1655,113,4.4,0,0,53
1484,3,3.7,0,1,71
402,269,1.2,0,0,20
437,10,4.3,0,0,12
1399,19,6.5,0,0,88
1463,195,7.0,0,0,12
897,426,7.4,1,0,36
1315,63,7.4,1,1,49
28,146,6.1,0,1,10
398,271,2.7,0,0,26
689,99,5.3,0,0,70
153,69,2.9,0,0,26
1827,247,7.8,1,0,34
531,103,4.7,0,0,69
351,234,4.5,0,0,43
977,444,4.4,0,1,87
184,290,2.6,0,1,26
1495,431,3.4,0,0,74
1101,102,4.4,0,0,11
1221,25,7.0,1,0,37
1966,290,2.5,0,0,44
558,69,4.5,0,0,84
1479,494,6.5,0,0,26
1501,442,6.3,0,1,44
257,453,4.2,0,1,89
1725,436,6.4,0,0,22
626,264,4.3,0,0,24
877,44,5.8,0,0,21
93,383,3.7,0,0,77
621,288,1.0,0,0,38
801,171,7.2,1,0,54
939,323,1.3,0,1,38
1353,361,6.8,0,0,75
1256,493,3.7,0,0,74
1273,317,6.7,0,0,38
913,156,1.3,0,1,54
1078,170,4.0,0,0,19
671,29,7.0,0,0,39
437,266,3.8,0,0,8
622,130,6.8,0,1,80
628,230,2.5,0,0,69
537,379,6.8,0,0,88
539,340,4.1,0,0,79
1257,268,7.4,1,0,41
6,47,6.2,0,0,15
1655,186,8.0,1,0,69
265,172,4.1,0,0,78
476,384,1.0,0,1,23
547,415,5.8,0,0,13
1631,316,3.4,0,0,69
1428,144,6.3,0,0,13
815,177,3.9,0,1,38
1937,229,3.9,0,0,66
820,194,4.0,0,0,69
1313,106,7.5,1,0,76
1927,104,4.0,0,0,74
1079,121,4.3,0,0,67
726,473,3.2,0,0,30
939,357,4.8,0,0,12
915,332,6.6,0,0,70
1934,337,7.1,1,0,10
686,136,4.1,0,0,66
1069,72,3.1,0,0,74
547,251,6.9,0,1,42
441,454,6.5,0,0,16
113,221,7.0,0,0,65
467,346,4.6,0,0,57
983,407,3.3,0,0,48
759,422,7.9,1,0,84
328,203,4.6,0,0,48
1963,289,4.3,0,0,70
960,188,5.9,0,0,74
1636,338,4.9,0,1,72
1353,440,4.3,0,0,34
1200,98,4.7,0,0,41
331,363,7.4,1,1,54
1349,116,6.9,0,0,34
932,60,2.9,0,1,69
997,175,5.7,0,0,55
334,395,4.0,0,0,51
351,364,3.4,0,0,19
804,86,7.8,1,0,25
1012,118,2.3,0,1,54
66,462,4.5,0,0,9
1739,325,3.8,0,0,68
599,51,3.2,0,0,70
1067,204,3.9,0,0,68
1457,372,3.3,0,0,29
1452,233,7.0,0,0,9
144,480,2.4,0,0,47
294,325,2.7,0,0,54
1131,264,1.0,0,1,15
1756,158,3.6,0,0,79
218,81,4.6,0,0,22
1165,346,7.3,1,0,42
1468,245,4.6,0,0,79
278,361,5.1,0,0,27
729,433,6.9,0,0,15
624,219,3.9,0,0,54
188,364,4.5,0,0,45
1168,28,2.5,0,0,77
475,62,3.2,0,0,86
175,9,3.5,0,0,64
587,94,5.8,0,0,56
654,440,1.0,0,0,45
1255,236,6.6,0,0,50
539,272,4.6,0,0,60
1819,209,6.5,0,0,25
284,151,5.5,0,1,65
148,189,3.9,0,0,15
501,279,4.5,0,0,32
1380,466,3.9,0,0,47
1308,346,1.3,0,0,15
1885,98,4.5,0,0,77
927,417,7.0,1,0,44
1871,99,2.8,0,0,8
868,149,3.4,0,0,26
692,272,5.2,0,1,14
1773,190,5.3,0,1,11
1493,38,7.7,1,0,80
923,483,4.5,0,0,64
1950,389,6.9,0,0,53
1124,345,7.4,1,0,56
477,173,3.6,0,0,36
560,179,7.0,1,0,39
1848,442,7.0,1,0,23
1024,139,4.6,0,0,32
646,337,3.3,0,0,10
62,212,1.0,0,1,11
1445,1,3.2,0,0,53
964,222,5.7,0,1,34
1965,491,3.5,0,0,45
595,408,6.3,0,1,28
383,258,4.8,0,1,11
396,180,3.6,0,0,45
1087,356,7.8,1,0,34
367,277,4.2,0,0,17
1171,75,1.6,0,0,38
1493,365,3.7,0,0,25
1866,426,3.7,0,0,81
1830,31,7.2,1,0,36
1639,163,2.4,0,0,65
121,240,6.7,0,0,58
1217,142,4.7,0,0,15
497,392,4.1,0,0,13
1746,149,7.4,1,0,77
1932,443,4.5,0,0,33
1587,375,3.3,0,1,77
238,426,3.4,0,0,87
150,352,4.2,0,0,12
534,462,4.3,0,0,80
225,336,3.8,0,0,76
1974,409,7.2,1,0,33
308,130,3.3,0,0,15
1391,344,6.7,0,0,51
898,460,4.2,0,0,49
1786,104,3.9,0,0,48
1972,283,5.0,0,0,21
19,190,5.9,0,0,26
1874,448,7.4,1,0,44
1574,65,3.6,0,0,46
83,486,7.0,0,0,79
1700,368,7.7,1,1,53
614,80,4.8,0,0,73
215,416,3.3,0,0,53
1261,117,4.8,0,0,63
1753,472,6.4,0,0,70
1635,242,4.6,0,0,43
758,445,4.2,0,0,66
1510,54,4.4,0,0,27
1594,433,2.8,0,1,85
1064,81,7.5,1,1,71
397,166,3.4,0,0,11
258,115,3.4,0,0,71
1101,497,4.7,0,0,44
1721,358,2.7,0,0,47
1999,127,4.5,0,1,7
85,359,7.2,1,0,78
1119,76,5.0,0,0,88
152,45,4.1,0,0,13
1936,382,4.1,0,1,18
1885,15,6.7,0,0,64
1077,137,5.3,0,0,20
1611,224,3.5,0,0,12
1187,198,3.4,0,0,57
543,382,3.9,0,1,33
1508,366,6.1,0,0,20
1723,276,4.6,0,0,81
501,357,4.9,0,0,63
186,72,3.8,0,0,58
234,11,6.5,0,1,78
182,430,3.8,0,0,47
1221,286,4.3,0,1,71
1169,159,8.0,1,0,58
538,100,7.2,1,0,18
1778,46,5.3,0,0,78
1467,95,2.3,0,1,43
1662,138,5.6,0,0,33
1233,391,3.9,0,0,36
1503,275,4.1,0,0,12
891,363,3.1,0,0,30
830,170,3.3,0,0,28
210,400,3.7,0,0,30
637,467,8.3,1,0,23
1040,385,4.3,0,0,30
46,258,6.9,0,0,68
525,467,6.6,0,0,9
616,454,7.9,1,0,32
860,271,4.5,0,0,35
1946,326,3.9,0,0,26
236,84,3.6,0,0,40
1669,208,3.9,0,0,81
1844,307,6.5,0,0,55
1736,37,3.6,0,0,72
568,339,2.4,0,0,70
656,10,7.0,0,0,18
13,254,6.5,0,1,19
418,59,3.8,0,0,12
1804,29,4.0,0,0,59
403,175,6.4,0,0,76
756,253,7.0,0,1,49
1157,178,5.0,0,0,33
24,22,6.6,0,0,78
88,16,4.2,0,0,72
439,20,3.8,0,0,57
1042,461,3.7,0,0,34
1989,412,4.7,0,0,44
1089,56,5.8,0,0,65
215,231,7.9,1,0,21
721,163,7.6,1,0,81
1112,6,4.1,0,0,27
716,278,8.0,1,0,85
441,210,3.7,0,0,34
1253,306,2.5,0,0,7
674,163,7.2,1,0,74
204,216,4.0,0,0,71
1317,192,6.8,0,0,10
1216,271,7.1,1,0,54
716,184,4.7,0,0,45
1590,151,3.2,0,0,41
1846,186,4.3,0,0,19
437,115,7.2,1,0,45
340,242,5.5,0,0,59
1904,484,4.3,0,0,68
413,329,4.0,0,0,55
1579,394,5.2,0,0,8
833,86,7.0,1,0,69
103,254,7.1,1,0,7
666,493,3.7,0,1,56
1760,187,7.7,1,0,43
1282,102,2.1,0,0,49
21,45,1.0,0,1,26
683,178,7.4,1,0,8
154,281,6.4,0,1,45
86,75,4.5,0,0,24
991,364,3.8,0,0,48
1852,150,3.0,0,0,47
643,171,7.0,1,0,59
948,161,2.7,0,0,70
488,225,6.6,0,0,39
1785,409,5.9,0,1,39
29,255,6.9,0,1,63
1897,224,7.1,1,0,15
1309,97,5.6,0,0,34
110,53,4.3,0,1,48
678,400,7.2,1,0,27
500,74,4.1,0,1,59
940,139,7.3,1,0,66
36,485,6.3,0,0,19
910,186,7.2,1,0,46
833,389,2.1,0,0,64
39,396,6.1,0,0,20
166,400,6.8,0,0,36
1193,257,1.9,0,1,66
1043,124,3.4,0,0,78
541,134,7.2,1,0,69
1951,153,3.6,0,0,52
520,134,7.2,1,0,59
887,192,7.9,1,0,69
1240,134,7.1,1,0,39
1282,425,1.0,0,0,69
1028,284,6.8,0,0,41
130,425,3.2,0,0,33
835,167,6.4,0,0,34
469,348,7.6,1,0,32
600,52,4.4,0,0,65
1909,268,7.5,1,0,35
1863,90,6.8,0,0,83
291,211,2.8,0,1,47
1321,433,6.0,0,1,10
98,193,4.9,0,0,59
1443,4,6.6,0,0,17
556,119,3.4,0,0,38
814,279,3.9,0,0,81
1394,442,6.6,0,0,8
1991,389,7.7,1,0,47
447,480,6.0,0,0,49
1399,427,3.9,0,0,73
244,23,4.1,0,0,12
269,21,5.6,0,1,34
1144,198,4.7,0,0,7
77,449,7.3,1,0,75
148,62,4.2,0,0,40
1950,421,4.4,0,0,38
1621,58,6.5,0,0,42
1288,382,3.3,0,0,65
1187,38,6.8,0,0,57
284,440,1.2,0,0,47
1910,23,3.0,0,0,87
931,355,1.2,0,0,42
93,433,3.1,0,0,65
1974,473,5.3,0,0,79
919,9,5.8,0,0,24
1834,480,5.1,0,0,81
1784,65,1.2,0,1,16
572,205,6.7,0,0,34
173,308,4.2,0,0,83
1596,86,8.1,1,0,13
295,497,6.3,0,0,45
752,329,4.5,0,0,18
638,34,4.6,0,0,43
1927,68,7.2,1,0,66
48,179,6.4,0,0,83
180,84,4.3,0,0,48
1510,150,3.9,0,0,47
1694,206,6.6,0,0,63
72,57,4.9,0,0,78
1660,470,3.2,0,0,46
232,17,3.6,0,0,21
17,249,7.3,1,0,24
926,215,1.0,0,0,24
943,279,4.1,0,0,37
526,23,7.4,1,1,39
688,172,7.0,0,0,48
980,485,5.0,0,0,19
1063,219,6.4,0,0,41
628,328,6.8,0,0,50
174,499,7.6,1,0,37
637,24,4.7,0,0,63
1513,497,3.8,0,0,30
290,384,4.2,0,0,88
1142,309,1.6,0,0,80
1002,183,5.6,0,0,76
684,252,5.8,0,0,22
1308,185,5.4,0,1,49
1966,105,3.4,0,0,72
1209,390,5.6,0,1,82
146,38,5.5,0,0,34
345,261,7.5,1,0,59
514,433,4.1,0,0,69
604,326,4.8,0,0,50
180,177,8.2,1,0,58
1061,63,4.7,0,1,64
1329,246,3.8,0,0,27
1232,307,6.9,0,0,12
1449,313,4.3,0,0,54
1304,414,7.1,1,0,79
1350,33,7.1,1,0,13
874,402,7.3,1,0,14
901,264,2.3,0,1,21
742,312,3.5,0,0,69
1139,63,7.0,1,0,40
1402,252,7.6,1,0,32
1788,62,6.6,0,0,60
671,294,7.5,1,0,56
408,155,7.8,1,0,56
143,17,4.3,0,0,87
545,498,4.0,0,0,37
1810,115,6.8,0,0,44
877,210,4.4,0,0,35
164,137,3.9,0,0,62
826,159,1.0,0,0,48
1259,131,6.6,0,0,66
927,292,4.7,0,0,32
577,386,7.4,1,0,31
40,146,2.4,0,0,18
1560,225,3.6,0,0,87
995,303,4.3,0,0,83
890,384,3.9,0,0,16
986,403,2.4,0,0,56
249,324,4.6,0,0,66
321,127,6.5,0,0,7
541,179,6.6,0,0,15
1491,395,2.9,0,0,10
809,25,4.5,0,0,8
1034,347,1.4,0,0,19
1855,11,7.0,0,1,32
1989,467,3.3,0,0,34
657,421,3.8,0,0,73
1914,452,6.5,0,0,81
930,18,4.7,0,0,78
1770,383,3.5,0,0,49
82,27,5.7,0,0,83
884,480,3.9,0,0,22
1662,14,6.0,0,0,61
1414,40,6.8,0,0,75
152,458,3.9,0,0,50
204,267,2.3,0,1,42
1992,394,7.0,1,1,84
1316,145,6.4,0,0,37
1946,269,1.2,0,0,70
1638,452,3.9,0,0,16
108,54,3.7,0,0,88
291,323,1.0,0,0,48
955,198,8.1,1,0,45
182,100,3.9,0,0,64
629,424,3.7,0,0,89
927,2,4.1,0,1,47
1084,368,7.3,1,0,27
1021,131,7.2,1,0,30
1586,88,4.6,0,0,53
1559,444,5.7,0,1,72
1751,179,6.7,0,0,65
1370,45,4.4,0,1,70
1876,250,6.2,0,0,18
1249,358,7.3,1,0,38
1590,450,2.2,0,1,61
1833,127,4.4,0,0,55
247,294,4.1,0,0,22
1240,430,4.1,0,0,20
1626,423,3.2,0,0,35
534,267,7.1,1,0,17
1076,67,4.1,0,0,80
6,337,4.0,0,0,19
6,451,6.8,0,0,59
1789,417,4.1,0,1,62
628,349,4.6,0,0,16
1862,138,6.7,0,0,50
1080,132,4.7,0,0,68
1289,46,4.2,0,1,46
579,113,1.0,0,0,35
1811,114,3.4,0,0,63
1318,277,6.8,0,0,8
1773,32,7.0,1,1,10
1799,259,8.1,1,0,32
1856,18,4.9,0,1,8
513,304,6.7,0,0,81
538,262,4.3,0,0,49
1658,129,4.2,0,0,67
1225,130,4.5,0,0,87
766,415,4.6,0,0,10
1123,388,3.7,0,0,49
223,245,4.2,0,0,13
453,320,3.9,0,0,73
896,79,7.4,1,0,20
566,380,4.5,0,0,22
724,200,7.3,1,0,14
25,425,3.8,0,0,24
562,169,4.9,0,1,83
587,462,6.9,0,0,65
691,88,4.2,0,0,9
1142,136,3.6,0,0,36
579,311,6.7,0,0,36
1095,318,6.6,0,0,8
1626,361,7.2,1,0,77
530,198,2.9,0,0,33
1142,54,5.8,0,0,28
1240,319,6.6,0,0,67
850,42,4.6,0,0,19
1327,242,5.6,0,0,11
287,159,7.6,1,0,58
212,363,7.7,1,0,18
1533,277,4.2,0,0,33
136,253,6.7,0,0,35
595,330,5.7,0,1,10
1769,237,6.2,0,0,83
377,240,3.8,0,1,66
598,201,1.1,0,0,48
1179,186,6.7,0,0,31
771,418,4.3,0,0,15
1547,349,5.1,0,0,17
1827,239,6.8,0,1,75
582,185,3.2,0,0,84
305,291,7.1,1,1,47
365,480,3.4,0,0,29
686,140,3.3,0,0,80
1159,485,3.7,0,0,57
1605,62,4.5,0,0,79
679,468,3.4,0,0,86
1002,102,2.3,0,0,25
4,467,6.8,0,0,37
1712,9,6.2,0,0,32
130,234,7.0,1,0,34
1853,77,3.9,0,0,42
1994,202,6.7,0,0,65
110,167,3.7,0,1,16
1020,176,2.4,0,1,87
1988,277,3.5,0,1,85
1556,314,7.1,1,0,15
1615,413,3.2,0,0,71
771,136,4.3,0,0,64
969,105,4.7,0,0,69
829,52,6.3,0,0,64
562,198,3.1,0,0,50
1209,389,5.9,0,1,37
852,23,4.3,0,0,52
1534,58,2.5,0,0,77
1231,172,3.0,0,0,68
1811,396,7.2,1,0,12
379,217,3.6,0,0,49
1275,356,7.6,1,0,73
1291,404,6.4,0,0,36
1381,36,2.7,0,0,74
88,36,3.4,0,0,34
551,322,7.2,1,0,63
283,445,3.5,0,0,56
594,418,6.6,0,1,79
136,250,6.5,0,0,54
1956,100,7.5,1,0,42
479,287,3.8,0,1,27
96,497,3.7,0,0,70
243,127,7.1,1,0,7
353,426,2.1,0,0,35
1795,317,6.7,0,0,81
898,29,3.8,0,0,89
1674,11,6.5,0,1,67
450,94,6.6,0,0,64
25,304,7.4,1,0,14
497,213,5.0,0,0,22
1683,385,7.8,1,0,51
1087,350,2.8,0,0,84
8,195,4.6,0,0,40
28,159,4.0,0,0,81
777,478,6.4,0,0,12
1934,415,3.9,0,0,23
1510,110,3.5,0,0,69
1835,93,7.6,1,0,87
507,177,7.7,1,0,34
1782,199,4.8,0,0,31
903,377,6.5,0,0,81
418,475,7.2,1,0,78
582,57,6.0,0,0,22
1082,117,3.7,0,0,53
886,171,8.3,1,0,37
1295,176,2.3,0,0,64
1475,245,3.6,0,0,14
1407,66,6.7,0,0,74
108,208,7.5,1,0,52
1454,348,5.8,0,0,62
256,301,1.7,0,1,23
1700,12,4.1,0,0,46
93,130,4.1,0,0,31
341,214,4.3,0,0,47
1970,151,6.8,0,0,89
1302,56,7.1,1,0,8
62,482,4.0,0,0,48
1397,373,5.6,0,0,73
59,304,4.6,0,0,82
1778,493,4.7,0,0,73
1126,283,4.3,0,1,63
1530,449,3.9,0,0,7
330,109,4.2,0,0,77
10,470,4.5,0,0,64
878,437,7.3,1,0,9
326,253,7.6,1,0,14
833,387,6.4,0,0,76
481,18,3.7,0,0,28
607,407,4.4,0,0,50
1139,494,6.3,0,0,25
485,22,6.7,0,0,11
261,409,3.0,0,0,66
19,87,5.9,0,0,76
1906,480,5.8,0,0,12
1040,278,5.8,0,0,71
670,24,4.1,0,0,67
892,243,1.3,0,1,55
9,384,4.1,0,0,22
1812,42,6.6,0,0,66
1968,151,6.8,0,0,56
1893,100,6.6,0,0,85
1719,98,1.1,0,0,54
1641,480,3.9,0,0,19
232,494,7.1,1,0,62
1676,101,3.3,0,1,22
691,380,4.2,0,0,59
494,436,7.2,1,0,30
1387,470,2.3,0,1,25
1130,437,7.2,1,0,59
451,303,4.6,0,0,41
669,460,1.9,0,0,23
1360,433,2.5,0,1,9
1830,343,4.6,0,0,30
1376,301,7.3,1,0,40
1667,295,4.9,0,0,66
1674,168,3.6,0,0,15
1639,129,2.3,0,0,63
1185,176,2.5,0,1,48
1604,340,3.5,0,0,51
164,336,6.6,0,0,84
84,101,4.7,0,0,72
1323,336,4.6,0,0,72
386,489,4.4,0,0,24
1408,208,7.2,1,0,82
394,405,4.9,0,0,42
639,330,5.3,0,0,65
747,242,4.6,0,0,14
1427,208,7.1,1,0,32
1251,420,4.3,0,1,36
1140,149,6.8,0,0,14
1763,93,8.2,1,0,69
312,391,3.4,0,0,26
1308,142,7.5,1,1,13
1029,257,4.4,0,0,16
1266,442,7.0,0,0,26
1850,427,6.3,0,0,65
1641,1,3.9,0,0,37
806,278,7.7,1,0,56
420,253,7.7,1,0,40
507,265,3.2,0,0,10
1157,394,1.0,0,0,46
804,35,7.1,1,0,25
1120,170,3.7,0,0,32
1923,161,4.9,0,0,88
1162,278,7.0,0,0,57
337,234,7.0,0,0,69
819,392,3.4,0,0,14
467,337,4.7,0,0,22
949,315,4.3,0,0,43
1627,322,7.1,1,0,59
953,403,4.2,0,0,74
624,171,7.4,1,0,65
1070,452,3.9,0,0,19
1657,361,7.4,1,0,10
1019,382,6.5,0,1,14
97,190,6.7,0,0,76
1316,340,6.3,0,0,80
1165,140,7.5,1,0,73
1501,10,4.3,0,1,89
1653,4,3.3,0,0,8
1777,385,6.8,0,0,11
